,given,predicted
0,recruiting,recruiting
1,recruiting,recruiting
2,recruiting,recruiting
3,recruiting,recruiting
4,recruiting,recruiting
5,recruiting,recruiting
6,recruiting,recruiting
7,recruiting,europe
8,recruiting,recruiting
9,recruiting,europe
10,recruiting,recruiting
11,recruiting,recruiting
12,recruiting,recruiting
13,recruiting,recruiting
14,recruiting,recruiting
15,recruiting,recruiting
16,recruiting,recruiting
17,recruiting,europe
18,recruiting,recruiting
19,recruiting,recruiting
20,recruiting,recruiting
21,recruiting,recruiting
22,recruiting,recruiting
23,recruiting,europe
24,recruiting,recruiting
25,recruiting,recruiting
26,recruiting,recruiting
27,recruiting,recruiting
28,recruiting,recruiting
29,recruiting,recruiting
30,recruiting,recruiting
31,recruiting,recruiting
32,recruiting,recruiting
33,recruiting,recruiting
34,recruiting,recruiting
35,recruiting,recruiting
36,recruiting,europe
37,recruiting,recruiting
38,recruiting,recruiting
39,recruiting,recruiting
40,recruiting,recruiting
41,recruiting,recruiting
42,recruiting,recruiting
43,recruiting,recruiting
44,recruiting,recruiting
45,recruiting,recruiting
46,recruiting,recruiting
47,recruiting,recruiting
48,recruiting,recruiting
49,recruiting,recruiting
50,recruiting,europe
51,recruiting,recruiting
52,recruiting,recruiting
53,recruiting,recruiting
54,recruiting,europe
55,recruiting,recruiting
56,recruiting,recruiting
