,given,predicted
0,tufco,tufco
1,tufco,tufco
2,tufco,tufco
3,tufco,tufco
4,tufco,tufco
5,tufco,tufco
6,tufco,tufco
7,tufco,tufco
8,tufco,tufco
9,tufco,tufco
10,tufco,tufco
11,tufco,tufco
12,tufco,tufco
13,tufco,tufco
14,tufco,logistics
15,tufco,tufco
16,tufco,tufco
17,tufco,tufco
18,tufco,tufco
19,tufco,tufco
20,tufco,tufco
21,tufco,tufco
22,tufco,tufco
23,tufco,tufco
24,tufco,tufco
25,tufco,tufco
26,tufco,tufco
27,tufco,tufco
28,tufco,tufco
29,tufco,tufco
30,tufco,tufco
31,tufco,tufco
32,tufco,tufco
33,tufco,tufco
34,tufco,tufco
35,tufco,tufco
36,tufco,tufco
37,tufco,tufco
38,tufco,tufco
39,tufco,tufco
40,tufco,tufco
41,tufco,tufco
42,tufco,tufco
43,tufco,tufco
44,tufco,tufco
45,tufco,tufco
46,tufco,tufco
47,tufco,logistics
48,tufco,tufco
49,tufco,tufco
50,tufco,tufco
51,tufco,tufco
52,tufco,tufco
53,tufco,tufco
54,tufco,tufco
55,tufco,tufco
56,tufco,tufco
57,tufco,tufco
58,tufco,tufco
59,tufco,tufco
60,tufco,tufco
61,tufco,tufco
62,tufco,tufco
63,tufco,tufco
64,tufco,tufco
65,tufco,personal
66,tufco,tufco
67,tufco,tufco
68,tufco,tufco
69,tufco,tufco
70,tufco,tufco
71,tufco,tufco
72,tufco,tufco
73,tufco,tufco
74,tufco,tufco
75,tufco,tufco
76,tufco,tufco
77,tufco,tufco
78,tufco,tufco
79,tufco,tufco
80,tufco,tufco
81,tufco,tufco
82,tufco,tufco
83,tufco,tufco
84,tufco,tufco
85,tufco,tufco
86,tufco,tufco
87,tufco,tufco
88,tufco,tufco
89,tufco,tufco
90,tufco,tufco
91,tufco,tufco
92,tufco,tufco
93,tufco,tufco
94,tufco,tufco
95,tufco,tufco
96,tufco,tufco
97,tufco,tufco
98,tufco,tufco
99,tufco,tufco
100,tufco,tufco
101,tufco,tufco
102,tufco,tufco
103,tufco,tufco
104,tufco,logistics
105,tufco,tufco
106,tufco,tufco
107,tufco,logistics
108,tufco,tufco
109,tufco,tufco
110,tufco,tufco
111,tufco,tufco
112,tufco,tufco
113,tufco,tufco
114,tufco,logistics
115,tufco,tufco
116,tufco,tufco
117,tufco,tufco
118,tufco,tufco
119,tufco,tufco
120,tufco,tufco
121,tufco,tufco
122,tufco,tufco
123,tufco,tufco
124,tufco,tufco
125,tufco,tufco
126,tufco,tufco
127,tufco,tufco
128,tufco,tufco
129,tufco,tufco
130,tufco,tufco
131,tufco,tufco
132,tufco,tufco
133,tufco,tufco
134,tufco,tufco
135,tufco,tufco
136,tufco,tufco
137,tufco,tufco
138,tufco,tufco
139,tufco,tufco
140,tufco,tufco
141,tufco,logistics
142,tufco,tufco
143,tufco,tufco
144,tufco,tufco
145,tufco,tufco
146,tufco,tufco
147,tufco,tufco
148,tufco,tufco
149,tufco,tufco
150,tufco,tufco
151,tufco,tufco
152,tufco,tufco
153,tufco,tufco
154,tufco,tufco
155,tufco,logistics
156,tufco,tufco
157,tufco,logistics
158,tufco,tufco
159,tufco,tufco
160,tufco,tufco
161,tufco,tufco
162,tufco,tufco
163,tufco,tufco
164,tufco,tufco
165,tufco,tufco
166,tufco,tufco
167,tufco,tufco
168,tufco,tufco
169,tufco,tufco
170,tufco,tufco
171,tufco,tufco
172,tufco,tufco
173,tufco,tufco
174,tufco,tufco
175,tufco,tufco
176,tufco,tufco
177,tufco,tufco
178,tufco,tufco
179,tufco,tufco
180,tufco,tufco
181,tufco,tufco
182,tufco,tufco
183,tufco,tufco
184,tufco,tufco
185,tufco,tufco
186,tufco,tufco
187,tufco,tufco
188,tufco,tufco
189,tufco,tufco
190,tufco,tufco
191,tufco,tufco
192,tufco,tufco
193,tufco,tufco
194,tufco,tufco
195,tufco,tufco
196,tufco,tufco
197,tufco,tufco
198,tufco,tufco
199,tufco,tufco
200,tufco,tufco
201,tufco,tufco
202,tufco,tufco
203,tufco,tufco
204,tufco,tufco
205,tufco,tufco
206,tufco,tufco
207,tufco,tufco
208,tufco,tufco
209,tufco,tufco
210,tufco,tufco
211,tufco,tufco
212,tufco,tufco
213,tufco,tufco
214,tufco,tufco
215,tufco,tufco
216,tufco,tufco
217,tufco,tufco
218,tufco,tufco
219,tufco,tufco
220,tufco,tufco
221,tufco,tufco
222,tufco,tufco
223,tufco,tufco
224,tufco,tufco
225,tufco,tufco
226,tufco,tufco
227,tufco,tufco
228,tufco,tufco
229,tufco,tufco
230,tufco,tufco
231,tufco,tufco
232,tufco,tufco
233,tufco,tufco
234,tufco,tufco
235,tufco,tufco
236,tufco,tufco
237,tufco,tufco
238,tufco,tufco
239,tufco,tufco
240,tufco,tufco
241,tufco,tufco
242,tufco,tufco
243,tufco,tufco
244,tufco,tufco
245,tufco,tufco
246,tufco,tufco
247,tufco,tufco
248,tufco,tufco
249,tufco,tufco
250,tufco,tufco
251,tufco,tufco
252,tufco,tufco
253,tufco,tufco
254,tufco,tufco
255,tufco,tufco
256,tufco,tufco
257,tufco,tufco
258,tufco,tufco
259,tufco,tufco
260,tufco,tufco
261,tufco,tufco
262,tufco,tufco
263,tufco,tufco
264,tufco,tufco
265,tufco,tufco
266,tufco,tufco
267,tufco,tufco
268,tufco,tufco
269,tufco,tufco
270,tufco,tufco
271,tufco,tufco
272,tufco,tufco
273,tufco,tufco
274,tufco,tufco
275,tufco,tufco
276,tufco,tufco
277,tufco,tufco
278,tufco,tufco
279,tufco,tufco
280,tufco,tufco
281,tufco,tufco
282,tufco,tufco
283,tufco,tufco
284,tufco,tufco
285,tufco,tufco
286,tufco,tufco
287,tufco,tufco
288,tufco,tufco
289,tufco,tufco
290,tufco,tufco
291,tufco,tufco
292,tufco,tufco
293,tufco,tufco
294,tufco,tufco
295,tufco,tufco
296,tufco,tufco
297,tufco,tufco
298,tufco,tufco
299,tufco,tufco
300,tufco,tufco
301,tufco,tufco
302,tufco,tufco
303,tufco,tufco
304,tufco,tufco
305,tufco,tufco
306,tufco,tufco
307,tufco,tufco
308,tufco,tufco
309,tufco,tufco
310,tufco,tufco
311,tufco,tufco
312,tufco,tufco
313,tufco,tufco
314,tufco,tufco
315,tufco,tufco
316,tufco,tufco
317,tufco,tufco
318,tufco,tufco
319,tufco,tufco
320,tufco,tufco
321,tufco,tufco
322,tufco,tufco
323,tufco,tufco
324,tufco,tufco
325,tufco,tufco
326,tufco,tufco
327,tufco,tufco
328,tufco,tufco
329,tufco,tufco
330,tufco,tufco
331,tufco,tufco
332,tufco,tufco
333,tufco,tufco
334,tufco,tufco
335,tufco,tufco
336,tufco,tufco
337,tufco,tufco
338,tufco,tufco
339,tufco,tufco
340,tufco,tufco
341,tufco,tufco
342,tufco,tufco
343,tufco,tufco
344,tufco,personal
345,tufco,tufco
346,tufco,tufco
347,tufco,tufco
348,tufco,tufco
349,tufco,tufco
350,tufco,tufco
351,tufco,tufco
352,tufco,tufco
353,tufco,tufco
354,tufco,tufco
355,tufco,tufco
356,tufco,tufco
357,tufco,tufco
358,tufco,tufco
359,wellhead,logistics
360,wellhead,logistics
361,wellhead,logistics
362,wellhead,logistics
363,wellhead,logistics
364,wellhead,logistics
365,wellhead,logistics
366,wellhead,logistics
367,wellhead,logistics
368,wellhead,logistics
369,wellhead,logistics
370,wellhead,logistics
371,wellhead,logistics
372,wellhead,logistics
373,wellhead,logistics
374,wellhead,logistics
375,wellhead,logistics
376,wellhead,logistics
377,wellhead,logistics
378,wellhead,logistics
379,wellhead,industrials
380,wellhead,logistics
381,wellhead,logistics
382,wellhead,logistics
383,wellhead,logistics
384,wellhead,logistics
385,wellhead,logistics
386,wellhead,logistics
387,wellhead,logistics
388,wellhead,logistics
389,wellhead,logistics
390,wellhead,logistics
391,wellhead,logistics
392,wellhead,logistics
393,wellhead,logistics
394,wellhead,logistics
395,wellhead,logistics
396,wellhead,logistics
397,wellhead,logistics
398,wellhead,logistics
399,wellhead,logistics
400,wellhead,logistics
401,wellhead,logistics
402,wellhead,logistics
403,wellhead,logistics
404,wellhead,logistics
405,wellhead,logistics
406,wellhead,logistics
407,wellhead,logistics
408,wellhead,logistics
409,wellhead,logistics
410,wellhead,logistics
411,wellhead,logistics
412,wellhead,logistics
413,wellhead,logistics
414,wellhead,logistics
415,wellhead,logistics
416,wellhead,logistics
417,wellhead,logistics
418,wellhead,logistics
419,wellhead,logistics
420,wellhead,logistics
421,wellhead,logistics
422,wellhead,logistics
423,wellhead,logistics
424,wellhead,logistics
425,wellhead,logistics
426,wellhead,logistics
427,wellhead,logistics
428,wellhead,logistics
429,wellhead,logistics
430,wellhead,logistics
431,wellhead,logistics
432,wellhead,logistics
433,wellhead,logistics
434,wellhead,logistics
435,wellhead,logistics
436,wellhead,logistics
437,wellhead,logistics
438,wellhead,logistics
439,wellhead,logistics
440,wellhead,logistics
441,wellhead,logistics
442,wellhead,logistics
443,wellhead,logistics
444,wellhead,logistics
445,wellhead,logistics
446,wellhead,logistics
447,wellhead,logistics
448,wellhead,logistics
449,wellhead,logistics
450,wellhead,logistics
451,wellhead,logistics
452,wellhead,logistics
453,wellhead,logistics
454,wellhead,logistics
455,wellhead,logistics
456,wellhead,logistics
457,wellhead,logistics
458,wellhead,logistics
459,wellhead,logistics
460,wellhead,logistics
461,wellhead,logistics
462,wellhead,logistics
463,wellhead,logistics
464,wellhead,logistics
465,wellhead,logistics
466,wellhead,logistics
467,wellhead,logistics
468,wellhead,logistics
469,wellhead,logistics
470,wellhead,logistics
471,wellhead,logistics
472,wellhead,logistics
473,wellhead,logistics
474,wellhead,logistics
475,wellhead,logistics
476,wellhead,logistics
477,wellhead,logistics
478,wellhead,logistics
479,wellhead,logistics
480,wellhead,logistics
481,wellhead,logistics
482,wellhead,logistics
483,wellhead,logistics
484,wellhead,logistics
485,wellhead,logistics
486,wellhead,logistics
487,wellhead,logistics
488,wellhead,logistics
489,wellhead,logistics
490,wellhead,logistics
491,wellhead,logistics
492,wellhead,logistics
493,wellhead,logistics
494,wellhead,logistics
495,wellhead,logistics
496,wellhead,logistics
497,wellhead,logistics
498,wellhead,logistics
499,wellhead,logistics
500,wellhead,logistics
501,wellhead,logistics
502,wellhead,logistics
503,wellhead,logistics
504,wellhead,logistics
505,wellhead,logistics
506,wellhead,logistics
507,wellhead,logistics
508,wellhead,logistics
509,wellhead,logistics
510,wellhead,logistics
511,wellhead,logistics
512,wellhead,logistics
513,wellhead,logistics
514,wellhead,logistics
515,wellhead,logistics
516,wellhead,logistics
517,wellhead,logistics
518,wellhead,logistics
519,wellhead,logistics
520,wellhead,logistics
521,wellhead,logistics
522,wellhead,logistics
523,wellhead,logistics
524,wellhead,logistics
525,wellhead,logistics
526,wellhead,logistics
527,wellhead,logistics
528,wellhead,logistics
529,wellhead,logistics
530,wellhead,logistics
531,wellhead,logistics
532,wellhead,logistics
533,wellhead,logistics
534,wellhead,logistics
535,wellhead,logistics
536,wellhead,logistics
537,wellhead,logistics
538,wellhead,logistics
539,wellhead,logistics
540,wellhead,logistics
541,wellhead,logistics
542,wellhead,logistics
543,wellhead,logistics
544,wellhead,logistics
545,wellhead,logistics
546,wellhead,logistics
547,wellhead,logistics
548,wellhead,logistics
549,wellhead,logistics
550,wellhead,logistics
551,wellhead,logistics
552,wellhead,logistics
553,wellhead,logistics
554,wellhead,logistics
555,wellhead,logistics
556,wellhead,logistics
557,wellhead,logistics
558,wellhead,logistics
559,wellhead,logistics
560,wellhead,logistics
561,wellhead,logistics
562,wellhead,logistics
563,wellhead,logistics
564,wellhead,logistics
565,wellhead,logistics
566,wellhead,logistics
567,wellhead,logistics
568,wellhead,logistics
569,wellhead,logistics
570,wellhead,logistics
571,wellhead,logistics
572,wellhead,logistics
573,wellhead,logistics
574,wellhead,logistics
575,wellhead,logistics
576,wellhead,logistics
577,wellhead,logistics
578,wellhead,logistics
579,wellhead,logistics
580,wellhead,logistics
581,wellhead,logistics
582,wellhead,logistics
583,wellhead,logistics
584,wellhead,logistics
585,wellhead,logistics
586,wellhead,logistics
587,wellhead,logistics
588,wellhead,logistics
589,wellhead,logistics
590,wellhead,logistics
591,wellhead,logistics
592,wellhead,logistics
593,wellhead,logistics
594,wellhead,logistics
595,wellhead,logistics
596,wellhead,logistics
597,wellhead,logistics
598,wellhead,logistics
599,wellhead,logistics
600,wellhead,logistics
601,wellhead,logistics
602,wellhead,logistics
603,wellhead,logistics
604,wellhead,logistics
605,wellhead,logistics
606,wellhead,logistics
607,wellhead,logistics
608,wellhead,industrials
609,wellhead,logistics
610,wellhead,logistics
611,wellhead,logistics
612,wellhead,logistics
613,wellhead,logistics
614,wellhead,logistics
615,wellhead,logistics
616,wellhead,logistics
617,wellhead,logistics
618,wellhead,logistics
619,wellhead,logistics
620,wellhead,logistics
621,wellhead,logistics
622,wellhead,logistics
623,wellhead,logistics
624,wellhead,logistics
625,wellhead,logistics
626,wellhead,logistics
627,wellhead,logistics
628,wellhead,logistics
629,wellhead,logistics
630,wellhead,logistics
631,wellhead,logistics
632,wellhead,logistics
633,wellhead,logistics
634,wellhead,logistics
635,wellhead,logistics
636,wellhead,logistics
637,wellhead,logistics
638,wellhead,logistics
639,wellhead,logistics
640,wellhead,logistics
641,wellhead,logistics
642,wellhead,logistics
643,wellhead,logistics
644,wellhead,logistics
645,wellhead,logistics
646,wellhead,logistics
647,wellhead,logistics
648,wellhead,logistics
649,wellhead,logistics
650,wellhead,logistics
651,wellhead,logistics
652,wellhead,logistics
653,wellhead,logistics
654,wellhead,logistics
655,wellhead,logistics
656,wellhead,logistics
657,wellhead,logistics
658,wellhead,logistics
659,wellhead,logistics
660,wellhead,logistics
661,wellhead,logistics
662,wellhead,logistics
663,wellhead,logistics
664,wellhead,logistics
665,wellhead,logistics
666,wellhead,logistics
667,wellhead,logistics
668,wellhead,logistics
669,wellhead,logistics
670,wellhead,logistics
671,wellhead,logistics
672,wellhead,logistics
673,wellhead,logistics
674,wellhead,logistics
675,wellhead,logistics
676,wellhead,logistics
677,wellhead,logistics
678,wellhead,logistics
679,wellhead,logistics
680,wellhead,logistics
681,wellhead,logistics
682,wellhead,logistics
683,wellhead,logistics
684,wellhead,logistics
685,wellhead,logistics
686,wellhead,logistics
687,wellhead,logistics
688,wellhead,logistics
689,wellhead,logistics
690,wellhead,logistics
691,wellhead,logistics
692,wellhead,logistics
693,wellhead,logistics
694,wellhead,logistics
695,wellhead,logistics
696,wellhead,logistics
697,wellhead,logistics
