,given,predicted
0,resumes,ene_ect
1,resumes,management
2,resumes,resumes
3,resumes,resumes
4,resumes,resumes
5,resumes,resumes
6,resumes,resumes
7,resumes,resumes
8,resumes,resumes
9,resumes,resumes
10,resumes,resumes
11,resumes,management
12,resumes,resumes
13,resumes,management
14,resumes,resumes
15,resumes,resumes
16,resumes,resumes
17,resumes,resumes
18,resumes,london
19,resumes,management
20,resumes,ene_ect
21,resumes,resumes
22,resumes,management
23,resumes,resumes
24,resumes,personal
25,resumes,projects
26,resumes,resumes
27,resumes,resumes
28,resumes,london
29,resumes,resumes
30,resumes,projects
31,resumes,management
32,resumes,management
33,resumes,resumes
34,resumes,management
35,resumes,resumes
36,resumes,resumes
37,resumes,resumes
38,resumes,resumes
39,resumes,london
40,resumes,resumes
41,resumes,management
42,resumes,resumes
43,resumes,resumes
44,resumes,resumes
45,resumes,management
46,resumes,management
47,resumes,management
48,resumes,management
49,resumes,resumes
50,resumes,resumes
51,resumes,personal
52,resumes,resumes
53,resumes,management
54,resumes,resumes
55,resumes,ene_ect
56,resumes,resumes
57,resumes,management
58,resumes,resumes
59,resumes,resumes
60,resumes,resumes
61,resumes,management
62,resumes,management
63,resumes,management
64,resumes,management
65,resumes,ene_ect
66,resumes,eci
67,resumes,personal
68,resumes,london
69,resumes,resumes
70,resumes,ene_ect
71,resumes,resumes
72,resumes,resumes
73,resumes,management
74,resumes,management
75,resumes,management
76,resumes,resumes
77,resumes,eci
78,resumes,management
79,resumes,management
80,resumes,resumes
81,resumes,personal
82,resumes,personal
83,resumes,resumes
84,resumes,resumes
85,resumes,resumes
86,resumes,personal
87,resumes,resumes
88,resumes,resumes
89,resumes,resumes
90,resumes,personal
91,resumes,ene_ect
92,resumes,resumes
93,resumes,resumes
94,resumes,management
95,resumes,resumes
96,resumes,london
97,resumes,london
98,resumes,management
99,resumes,resumes
100,rice,management
101,rice,management
102,rice,management
103,rice,personal
104,rice,projects
105,rice,personal
106,rice,personal
107,rice,management
108,rice,conferences
109,rice,resumes
110,rice,personal
111,rice,conferences
112,rice,projects
113,rice,projects
114,rice,personal
115,rice,ene_ect
116,rice,projects
117,rice,projects
118,rice,techmemos
119,rice,conferences
120,rice,conferences
121,rice,techmemos
122,rice,projects
123,rice,projects
124,rice,techmemos
125,rice,australia
126,rice,personal
127,rice,management
128,rice,personal
129,rice,conferences
130,rice,conferences
131,rice,ene_ect
132,rice,resumes
133,rice,resumes
134,rice,conferences
135,rice,resumes
136,rice,conferences
137,rice,projects
138,rice,management
139,rice,management
140,rice,personal
141,rice,management
142,rice,management
143,rice,conferences
144,rice,personal
145,rice,conferences
146,rice,conferences
147,rice,personal
148,rice,personal
149,rice,ene_ect
150,rice,management
151,rice,personal
152,rice,management
153,rice,conferences
154,rice,techmemos
155,rice,personal
156,rice,personal
157,rice,projects
158,rice,personal
159,rice,management
160,rice,projects
161,rice,conferences
162,rice,personal
163,rice,ene_ect
164,rice,personal
165,rice,personal
166,rice,personal
167,rice,conferences
168,rice,management
169,rice,management
170,rice,resumes
171,rice,resumes
172,rice,personal
173,rice,resumes
174,rice,personal
175,rice,management
176,rice,projects
177,rice,resumes
178,rice,ene_ect
179,rice,personal
180,rice,personal
181,rice,projects
182,rice,projects
183,rice,techmemos
184,rice,personal
185,rice,management
186,rice,projects
187,rice,management
188,rice,resumes
189,rice,management
190,rice,personal
191,rice,personal
192,rice,conferences
193,rice,ene_ect
194,rice,projects
195,rice,projects
196,rice,conferences
197,rice,conferences
198,rice,management
199,rice,management
200,rice,ene_ect
201,rice,ene_ect
202,rice,personal
203,rice,personal
204,rice,personal
205,rice,conferences
206,rice,conferences
207,rice,conferences
208,rice,conferences
209,rice,conferences
210,rice,ene_ect
211,rice,ene_ect
212,rice,conferences
213,rice,personal
214,rice,personal
215,rice,conferences
216,rice,personal
217,rice,australia
218,rice,management
219,rice,conferences
220,rice,management
221,rice,management
222,rice,conferences
223,rice,australia
224,rice,projects
225,rice,conferences
226,rice,projects
227,rice,techmemos
228,rice,personal
229,rice,management
230,rice,ene_ect
231,rice,personal
232,rice,management
233,rice,personal
234,rice,projects
235,rice,resumes
236,rice,conferences
237,rice,projects
238,rice,conferences
239,rice,conferences
240,rice,resumes
241,rice,projects
242,rice,ene_ect
243,rice,techmemos
244,rice,conferences
245,rice,conferences
246,rice,management
247,rice,conferences
248,rice,resumes
249,rice,management
250,rice,personal
251,rice,personal
252,rice,personal
253,rice,conferences
254,rice,ene_ect
255,rice,resumes
256,rice,projects
257,rice,conferences
258,rice,resumes
259,rice,conferences
260,rice,projects
261,rice,conferences
262,rice,conferences
263,rice,management
264,rice,management
265,rice,conferences
266,rice,management
267,rice,conferences
268,rice,conferences
269,rice,management
270,rice,conferences
271,rice,personal
272,rice,projects
273,rice,conferences
274,rice,resumes
275,universities,australia
276,universities,techmemos
277,universities,personal
278,universities,projects
279,universities,ene_ect
280,universities,management
281,universities,personal
282,universities,ene_ect
283,universities,personal
284,universities,techmemos
285,universities,ene_ect
286,universities,management
287,universities,australia
288,universities,projects
289,universities,resumes
290,universities,resumes
291,universities,conferences
292,universities,management
293,universities,techmemos
294,universities,personal
295,universities,ene_ect
296,universities,ene_ect
297,universities,projects
298,universities,personal
299,universities,ene_ect
300,universities,techmemos
301,universities,conferences
302,universities,resumes
303,universities,management
304,universities,personal
305,universities,personal
306,universities,projects
307,universities,personal
308,universities,resumes
309,universities,ene_ect
310,universities,ene_ect
311,universities,conferences
312,universities,techmemos
313,universities,ene_ect
314,universities,conferences
315,universities,australia
316,universities,management
317,universities,personal
318,universities,projects
319,universities,techmemos
320,universities,projects
321,universities,personal
322,universities,personal
323,universities,conferences
324,universities,projects
325,universities,resumes
326,universities,techmemos
327,universities,personal
328,universities,conferences
329,universities,techmemos
330,universities,resumes
331,universities,management
332,universities,management
333,universities,personal
334,universities,management
335,universities,personal
336,universities,personal
337,universities,personal
338,universities,management
339,universities,projects
340,universities,resumes
341,universities,management
342,universities,management
343,universities,ene_ect
344,universities,conferences
345,universities,projects
346,universities,projects
347,universities,management
348,universities,management
349,universities,ene_ect
350,universities,ene_ect
351,universities,conferences
352,universities,management
353,universities,personal
354,universities,personal
355,universities,personal
356,universities,conferences
357,universities,techmemos
358,universities,projects
359,universities,resumes
360,universities,conferences
361,universities,management
362,universities,personal
363,universities,conferences
364,universities,conferences
365,universities,projects
366,universities,eci
367,universities,projects
368,universities,ene_ect
369,universities,projects
370,universities,conferences
371,universities,conferences
372,universities,ene_ect
373,universities,management
374,universities,resumes
375,universities,management
376,universities,resumes
377,universities,resumes
378,universities,resumes
379,universities,conferences
380,universities,conferences
381,universities,projects
382,universities,personal
383,universities,resumes
384,universities,techmemos
385,universities,conferences
386,universities,resumes
387,universities,personal
388,universities,resumes
389,universities,resumes
390,universities,management
391,universities,resumes
392,universities,personal
393,universities,resumes
394,universities,conferences
395,universities,resumes
396,universities,conferences
397,universities,management
398,universities,resumes
399,universities,resumes
400,universities,resumes
401,universities,personal
402,universities,personal
403,universities,ene_ect
404,universities,management
405,universities,projects
406,universities,conferences
407,universities,personal
408,universities,projects
409,universities,management
410,universities,techmemos
411,universities,resumes
412,universities,personal
413,universities,personal
414,universities,resumes
415,universities,conferences
416,universities,conferences
417,universities,resumes
418,universities,projects
419,universities,techmemos
420,universities,resumes
421,universities,projects
422,universities,resumes
423,universities,personal
424,universities,resumes
425,universities,resumes
426,universities,resumes
427,universities,personal
428,universities,resumes
429,universities,techmemos
430,universities,ene_ect
431,universities,conferences
432,universities,ene_ect
433,universities,management
434,universities,resumes
435,universities,resumes
436,universities,resumes
437,universities,projects
438,universities,projects
439,universities,resumes
440,universities,projects
441,universities,resumes
442,universities,resumes
443,universities,personal
444,universities,resumes
445,universities,personal
446,universities,ene_ect
447,universities,personal
448,universities,management
449,universities,personal
450,universities,conferences
451,universities,projects
452,universities,ene_ect
453,universities,ene_ect
454,universities,conferences
455,universities,ene_ect
456,universities,conferences
457,universities,conferences
458,universities,management
459,universities,ene_ect
460,universities,conferences
461,universities,management
462,universities,management
463,universities,management
464,universities,personal
465,universities,conferences
466,universities,ene_ect
467,universities,management
468,universities,conferences
469,universities,conferences
470,universities,conferences
471,universities,conferences
472,universities,conferences
473,universities,conferences
474,universities,conferences
475,universities,conferences
476,universities,management
477,universities,resumes
478,universities,personal
479,universities,conferences
480,universities,conferences
481,universities,conferences
482,universities,ene_ect
483,universities,ene_ect
484,universities,resumes
485,universities,personal
486,universities,resumes
487,universities,management
488,universities,conferences
489,universities,personal
490,universities,conferences
491,universities,conferences
492,universities,conferences
493,universities,conferences
494,universities,conferences
495,universities,resumes
496,universities,conferences
497,universities,personal
498,universities,personal
499,universities,personal
500,universities,projects
501,universities,conferences
502,universities,conferences
503,universities,conferences
504,universities,management
505,universities,personal
506,universities,personal
507,universities,resumes
508,universities,management
509,universities,conferences
510,universities,conferences
511,universities,conferences
512,universities,management
513,universities,management
514,universities,conferences
515,universities,resumes
516,universities,resumes
517,universities,ene_ect
518,universities,conferences
519,universities,ene_ect
520,universities,personal
521,universities,management
522,universities,ene_ect
523,universities,personal
524,universities,projects
525,universities,ene_ect
526,universities,personal
527,universities,conferences
528,universities,projects
529,universities,personal
530,universities,personal
531,universities,conferences
532,universities,conferences
533,universities,ene_ect
534,universities,conferences
535,universities,conferences
536,universities,ene_ect
537,universities,projects
538,universities,projects
539,universities,management
540,universities,resumes
541,universities,resumes
542,universities,personal
543,universities,ene_ect
544,universities,personal
545,universities,personal
546,universities,projects
547,universities,ene_ect
548,universities,resumes
549,universities,techmemos
550,universities,personal
551,universities,personal
552,universities,management
553,universities,ene_ect
554,universities,personal
555,universities,ene_ect
556,universities,personal
557,universities,ene_ect
558,universities,management
559,universities,conferences
560,universities,management
561,universities,management
562,universities,conferences
563,universities,personal
564,universities,management
565,universities,personal
566,universities,techmemos
567,universities,personal
568,universities,personal
569,universities,conferences
570,universities,management
571,universities,ene_ect
572,universities,ene_ect
573,universities,projects
574,universities,ene_ect
575,universities,london
576,universities,personal
577,universities,resumes
578,universities,management
579,universities,personal
580,universities,personal
581,universities,eci
582,universities,management
583,universities,management
584,universities,management
585,universities,personal
586,universities,projects
587,universities,projects
588,universities,personal
589,universities,ene_ect
590,universities,conferences
591,universities,resumes
592,universities,resumes
593,universities,ene_ect
594,universities,personal
595,universities,personal
596,universities,management
597,universities,conferences
598,universities,management
599,universities,management
600,universities,personal
601,universities,personal
602,universities,management
603,universities,ene_ect
604,universities,ene_ect
605,universities,resumes
606,universities,ene_ect
607,universities,resumes
608,universities,personal
609,universities,resumes
610,universities,ene_ect
611,universities,conferences
612,universities,projects
613,universities,personal
614,universities,projects
615,universities,ene_ect
616,universities,ene_ect
617,universities,ene_ect
618,universities,management
619,universities,ene_ect
620,universities,management
621,universities,projects
622,universities,management
623,universities,conferences
624,universities,conferences
625,universities,personal
626,universities,techmemos
627,universities,techmemos
628,universities,personal
629,universities,management
630,universities,resumes
631,universities,australia
632,universities,conferences
633,universities,resumes
634,universities,resumes
635,universities,techmemos
636,universities,resumes
637,universities,conferences
638,universities,personal
639,universities,techmemos
640,universities,ene_ect
641,universities,projects
642,var,management
643,var,techmemos
644,var,management
645,var,projects
646,var,london
647,var,management
648,var,techmemos
649,var,techmemos
650,var,projects
651,var,projects
652,var,techmemos
653,var,projects
654,var,management
655,var,projects
656,var,techmemos
657,var,london
658,var,australia
659,var,techmemos
660,var,techmemos
661,var,management
662,var,conferences
663,var,projects
664,var,techmemos
665,var,projects
666,var,projects
667,var,management
668,var,management
669,var,management
670,var,projects
671,var,projects
672,var,london
673,var,projects
674,var,projects
675,var,management
676,var,projects
677,var,projects
678,var,london
679,var,projects
680,var,techmemos
681,var,techmemos
682,var,management
683,var,london
684,var,projects
685,var,projects
686,var,projects
687,var,personal
688,var,australia
689,var,london
690,var,projects
691,var,london
692,var,australia
693,var,australia
694,var,techmemos
695,var,management
696,var,projects
697,var,projects
698,var,projects
699,var,london
700,var,management
701,var,conferences
702,var,techmemos
703,var,projects
704,var,projects
705,var,personal
706,var,projects
707,var,management
708,var,london
709,var,projects
710,var,projects
711,var,techmemos
712,var,techmemos
713,var,techmemos
714,var,projects
715,var,london
716,var,london
717,var,projects
718,var,london
719,var,projects
720,var,projects
721,var,management
722,var,techmemos
723,var,techmemos
724,var,techmemos
725,var,techmemos
726,var,projects
727,var,management
728,var,techmemos
729,var,techmemos
730,var,projects
731,var,techmemos
732,var,projects
733,var,projects
734,var,techmemos
735,var,management
736,var,techmemos
737,var,projects
738,var,london
739,var,techmemos
740,var,london
741,var,projects
742,var,management
743,var,resumes
744,var,london
745,var,resumes
746,var,london
747,var,projects
748,var,ene_ect
749,var,london
750,var,london
751,var,london
