,given,predicted
0,california,california
1,california,attachments
2,california,attachments
3,california,california
4,california,attachments
5,california,california
6,california,attachments
7,california,attachments
8,california,attachments
9,california,california
10,california,attachments
11,california,attachments
12,california,attachments
13,california,attachments
14,california,attachments
15,california,attachments
16,california,attachments
17,california,california
18,california,california
19,california,attachments
20,california,attachments
21,california,attachments
22,california,attachments
23,california,attachments
24,california,attachments
25,california,attachments
26,california,california
27,california,california
28,california,attachments
29,california,attachments
30,california,attachments
31,california,attachments
32,california,attachments
33,california,attachments
34,california,attachments
35,california,attachments
36,california,attachments
37,california,california
38,california,attachments
39,california,attachments
40,california,attachments
41,california,attachments
42,california,attachments
43,california,attachments
44,california,california
45,california,california
46,california,california
47,california,attachments
48,california,attachments
49,california,attachments
50,california,attachments
51,california,attachments
52,california,attachments
53,california,attachments
54,california,attachments
55,california,attachments
56,california,attachments
57,california,attachments
58,california,california
59,california,attachments
60,california,attachments
61,california,attachments
62,california,attachments
63,california,attachments
64,california,attachments
65,california,attachments
66,california,california
67,california,attachments
68,california,attachments
69,california,attachments
70,california,california
71,california,california
72,california,attachments
73,california,attachments
74,california,attachments
75,california,attachments
76,california,attachments
77,california,attachments
78,california,attachments
79,california,attachments
80,california,attachments
81,california,california
82,california,attachments
83,california,attachments
84,california,attachments
85,california,attachments
86,california,attachments
87,california,attachments
88,california,attachments
89,california,california
90,california,california
91,california,attachments
92,california,attachments
93,california,attachments
94,california,attachments
95,california,attachments
96,california,attachments
97,california,california
98,california,attachments
99,california,attachments
100,california,attachments
101,california,attachments
102,california,california
103,california,california
104,california,attachments
105,california,attachments
106,california,attachments
107,california,attachments
108,california,california
109,california,attachments
110,california,attachments
111,california,attachments
112,california,attachments
113,california,attachments
114,california,california
115,california,attachments
116,california,california
117,california,california
118,california,attachments
119,california,attachments
120,california,attachments
121,california,attachments
122,california,attachments
123,california,california
124,california,attachments
125,california,attachments
126,california,attachments
127,california,attachments
128,california,attachments
129,california,attachments
130,california,attachments
131,california,attachments
132,california,attachments
133,california,california
134,california,attachments
135,california,attachments
136,california,california
137,california,attachments
138,california,attachments
139,california,attachments
140,california,attachments
141,california,attachments
142,california,attachments
143,california,attachments
144,california,attachments
145,california,attachments
146,california,attachments
147,california,attachments
148,california,attachments
149,california,california
150,california,attachments
151,california,california
152,california,california
153,california,california
154,california,california
155,california,attachments
156,california,california
157,california,attachments
158,california,california
159,california,attachments
160,california,attachments
161,california,attachments
162,california,attachments
163,california,attachments
164,california,attachments
165,california,attachments
166,california,attachments
167,california,california
168,california,attachments
169,california,attachments
170,california,california
171,california,california
172,california,attachments
173,california,attachments
174,california,attachments
175,california,attachments
176,california,california
177,california,california
178,california,attachments
179,california,california
180,california,attachments
181,california,attachments
182,california,attachments
183,california,attachments
184,california,california
185,california,california
186,california,california
187,california,california
188,california,california
189,california,attachments
190,california,attachments
191,california,attachments
192,california,california
193,california,attachments
194,california,attachments
195,california,attachments
196,ferc,attachments
197,ferc,attachments
198,ferc,attachments
199,ferc,attachments
200,ferc,attachments
201,ferc,attachments
202,ferc,attachments
203,ferc,attachments
204,ferc,attachments
205,ferc,attachments
206,ferc,attachments
207,ferc,attachments
208,ferc,california
209,ferc,attachments
210,ferc,california
211,ferc,attachments
212,ferc,attachments
213,ferc,attachments
214,ferc,attachments
215,ferc,attachments
216,ferc,attachments
217,ferc,attachments
218,ferc,attachments
219,ferc,attachments
220,ferc,california
221,ferc,attachments
222,ferc,attachments
223,ferc,attachments
224,ferc,california
225,ferc,attachments
226,ferc,attachments
227,ferc,attachments
228,ferc,attachments
229,ferc,attachments
230,ferc,attachments
231,ferc,attachments
232,ferc,attachments
233,ferc,attachments
234,ferc,california
235,ferc,attachments
236,ferc,attachments
237,ferc,attachments
238,ferc,attachments
239,ferc,attachments
240,ferc,attachments
241,ferc,attachments
242,ferc,attachments
243,ferc,attachments
244,ferc,attachments
245,ferc,attachments
246,ferc,attachments
247,ferc,attachments
248,ferc,attachments
249,ferc,attachments
250,ferc,attachments
251,ferc,attachments
252,ferc,attachments
253,ferc,attachments
254,ferc,attachments
255,ferc,attachments
256,ferc,california
257,ferc,california
258,ferc,attachments
259,ferc,attachments
260,ferc,attachments
261,ferc,attachments
262,ferc,california
263,ferc,attachments
264,ferc,attachments
265,ferc,attachments
266,ferc,attachments
267,ferc,attachments
268,ferc,attachments
269,ferc,attachments
270,ferc,attachments
271,ferc,attachments
272,ferc,attachments
273,ferc,california
274,ferc,attachments
275,ferc,attachments
276,ferc,attachments
277,ferc,attachments
278,ferc,attachments
279,ferc,attachments
280,ferc,attachments
281,ferc,attachments
282,ferc,attachments
283,ferc,attachments
284,ferc,attachments
285,ferc,attachments
286,ferc,attachments
287,ferc,attachments
288,ferc,attachments
289,ferc,attachments
290,ferc,attachments
291,ferc,attachments
292,ferc,attachments
293,ferc,attachments
294,ferc,california
295,ferc,california
296,ferc,attachments
297,ferc,attachments
298,ferc,attachments
299,ferc,attachments
300,ferc,attachments
301,ferc,attachments
302,ferc,attachments
303,ferc,attachments
304,ferc,attachments
305,ferc,attachments
306,ferc,attachments
307,ferc,attachments
308,ferc,attachments
309,ferc,attachments
310,ferc,attachments
311,ferc,attachments
312,ferc,attachments
313,ferc,attachments
314,ferc,california
315,ferc,attachments
316,ferc,attachments
317,ferc,attachments
318,ferc,attachments
319,ferc,attachments
320,ferc,attachments
321,ferc,attachments
322,ferc,attachments
323,ferc,attachments
324,ferc,attachments
325,ferc,california
326,ferc,california
327,ferc,attachments
328,ferc,attachments
329,ferc,attachments
330,ferc,attachments
331,ferc,attachments
332,ferc,california
333,ferc,california
334,ferc,attachments
335,ferc,attachments
336,ferc,attachments
337,ferc,attachments
338,ferc,california
339,ferc,california
340,ferc,attachments
341,ferc,attachments
342,ferc,attachments
343,ferc,attachments
344,ferc,attachments
345,ferc,attachments
346,ferc,attachments
347,ferc,attachments
348,ferc,attachments
349,ferc,attachments
350,ferc,attachments
351,ferc,attachments
352,ferc,california
353,ferc,attachments
354,ferc,attachments
355,ferc,attachments
356,ferc,california
357,ferc,attachments
358,ferc,attachments
359,ferc,attachments
360,ferc,california
361,ferc,attachments
362,ferc,california
363,ferc,attachments
364,ferc,attachments
365,ferc,attachments
366,ferc,attachments
367,ferc,attachments
368,ferc,attachments
369,ferc,attachments
370,ferc,attachments
371,ferc,attachments
372,ferc,attachments
373,ferc,attachments
374,ferc,attachments
375,ferc,attachments
376,ferc,attachments
377,ferc,attachments
378,ferc,attachments
379,ferc,attachments
380,ferc,attachments
381,ferc,attachments
382,ferc,attachments
383,ferc,attachments
384,heat wave,attachments
385,heat wave,attachments
386,heat wave,attachments
387,heat wave,attachments
388,heat wave,attachments
389,heat wave,attachments
390,heat wave,california
391,heat wave,attachments
392,heat wave,attachments
393,heat wave,attachments
394,heat wave,attachments
395,heat wave,attachments
396,heat wave,attachments
397,heat wave,attachments
398,heat wave,attachments
399,heat wave,attachments
400,heat wave,attachments
401,heat wave,california
402,heat wave,attachments
403,heat wave,attachments
404,heat wave,attachments
405,heat wave,attachments
406,heat wave,attachments
407,heat wave,attachments
408,heat wave,attachments
409,heat wave,attachments
410,heat wave,california
411,heat wave,attachments
412,heat wave,attachments
413,heat wave,attachments
414,heat wave,attachments
415,heat wave,attachments
416,heat wave,attachments
417,heat wave,attachments
418,heat wave,attachments
419,heat wave,attachments
420,heat wave,attachments
421,heat wave,attachments
422,heat wave,attachments
423,heat wave,attachments
424,heat wave,california
425,heat wave,california
426,heat wave,california
427,heat wave,attachments
428,heat wave,attachments
429,heat wave,attachments
430,heat wave,attachments
431,heat wave,attachments
432,heat wave,california
433,heat wave,california
434,heat wave,attachments
435,heat wave,attachments
436,heat wave,attachments
437,heat wave,attachments
438,heat wave,attachments
439,heat wave,attachments
440,heat wave,attachments
441,heat wave,attachments
442,heat wave,attachments
443,heat wave,attachments
444,heat wave,attachments
445,heat wave,attachments
446,heat wave,attachments
447,heat wave,attachments
448,heat wave,attachments
449,heat wave,attachments
450,heat wave,attachments
451,heat wave,attachments
452,heat wave,attachments
453,heat wave,california
454,heat wave,attachments
455,heat wave,attachments
456,heat wave,attachments
457,heat wave,attachments
458,heat wave,attachments
459,heat wave,attachments
460,heat wave,attachments
461,heat wave,attachments
462,heat wave,attachments
463,heat wave,california
464,heat wave,attachments
465,heat wave,attachments
466,heat wave,attachments
467,heat wave,attachments
468,heat wave,attachments
469,heat wave,attachments
470,heat wave,attachments
471,heat wave,attachments
472,heat wave,attachments
473,heat wave,attachments
474,heat wave,attachments
475,heat wave,attachments
476,heat wave,attachments
477,heat wave,attachments
478,heat wave,attachments
479,heat wave,attachments
480,heat wave,attachments
481,heat wave,attachments
482,heat wave,attachments
483,heat wave,attachments
484,heat wave,attachments
485,heat wave,attachments
486,heat wave,california
487,heat wave,california
488,heat wave,attachments
489,heat wave,attachments
490,heat wave,california
491,heat wave,attachments
492,heat wave,attachments
493,heat wave,attachments
494,heat wave,attachments
495,heat wave,attachments
496,heat wave,attachments
497,heat wave,attachments
498,heat wave,attachments
499,heat wave,attachments
500,heat wave,attachments
501,heat wave,attachments
502,heat wave,attachments
503,heat wave,attachments
504,heat wave,attachments
505,heat wave,attachments
506,heat wave,attachments
507,heat wave,attachments
508,heat wave,attachments
509,heat wave,attachments
510,heat wave,attachments
511,heat wave,attachments
512,heat wave,attachments
513,heat wave,attachments
514,heat wave,california
515,heat wave,california
516,heat wave,attachments
517,heat wave,attachments
518,heat wave,attachments
519,heat wave,attachments
520,heat wave,attachments
521,heat wave,attachments
522,heat wave,attachments
523,heat wave,attachments
524,heat wave,attachments
525,heat wave,attachments
526,heat wave,attachments
527,heat wave,attachments
528,heat wave,attachments
529,heat wave,attachments
530,heat wave,attachments
531,heat wave,attachments
532,heat wave,attachments
533,heat wave,attachments
534,heat wave,attachments
535,heat wave,attachments
536,heat wave,attachments
537,heat wave,attachments
538,heat wave,attachments
539,heat wave,attachments
540,heat wave,california
541,heat wave,attachments
542,heat wave,california
543,heat wave,attachments
544,heat wave,california
545,heat wave,attachments
546,heat wave,attachments
547,heat wave,attachments
548,heat wave,attachments
549,heat wave,attachments
550,heat wave,attachments
551,heat wave,attachments
552,heat wave,attachments
553,heat wave,attachments
554,heat wave,california
555,heat wave,california
556,heat wave,california
557,heat wave,attachments
558,heat wave,attachments
559,heat wave,attachments
560,heat wave,attachments
561,heat wave,attachments
562,heat wave,attachments
563,heat wave,california
564,heat wave,attachments
565,heat wave,attachments
566,heat wave,attachments
567,heat wave,attachments
568,heat wave,california
569,heat wave,attachments
570,heat wave,california
571,heat wave,attachments
572,heat wave,attachments
573,heat wave,attachments
574,heat wave,attachments
575,heat wave,attachments
576,heat wave,attachments
577,heat wave,attachments
578,heat wave,attachments
579,heat wave,attachments
580,heat wave,attachments
581,heat wave,attachments
582,heat wave,california
583,heat wave,attachments
584,heat wave,attachments
585,heat wave,attachments
586,heat wave,attachments
587,heat wave,california
588,heat wave,attachments
589,heat wave,attachments
590,heat wave,attachments
591,heat wave,attachments
592,heat wave,california
593,heat wave,attachments
594,heat wave,california
595,heat wave,attachments
596,heat wave,attachments
597,heat wave,attachments
598,heat wave,california
599,heat wave,attachments
600,heat wave,attachments
601,heat wave,california
602,heat wave,attachments
603,heat wave,attachments
604,heat wave,attachments
605,heat wave,attachments
606,heat wave,attachments
607,heat wave,attachments
608,heat wave,attachments
609,heat wave,attachments
610,heat wave,attachments
611,heat wave,california
612,heat wave,attachments
613,heat wave,attachments
614,heat wave,attachments
615,heat wave,attachments
616,heat wave,attachments
617,heat wave,attachments
618,heat wave,attachments
619,heat wave,attachments
620,heat wave,attachments
621,heat wave,attachments
622,heat wave,attachments
623,heat wave,attachments
624,heat wave,attachments
625,heat wave,attachments
626,heat wave,attachments
627,heat wave,attachments
