,given,predicted
0,ooc,ooc
1,ooc,esvl
2,ooc,esvl
3,ooc,esvl
4,ooc,esvl
5,ooc,ooc
6,ooc,ooc
7,ooc,ooc
8,ooc,ooc
9,ooc,ooc
10,ooc,ooc
11,ooc,ooc
12,ooc,ooc
13,ooc,ooc
14,ooc,ooc
15,ooc,ooc
16,ooc,ooc
17,ooc,ooc
18,ooc,ooc
19,ooc,ooc
20,ooc,ooc
21,ooc,ooc
22,ooc,ooc
23,ooc,ooc
24,ooc,ooc
25,ooc,ooc
26,ooc,ooc
27,ooc,ooc
28,ooc,ooc
29,ooc,ooc
30,ooc,ooc
31,ooc,ooc
32,ooc,ooc
33,ooc,ooc
34,ooc,ooc
35,ooc,ooc
36,ooc,ooc
37,ooc,ooc
38,ooc,ooc
39,ooc,ooc
40,ooc,ooc
41,ooc,ooc
42,ooc,ooc
43,ooc,ooc
44,ooc,ooc
45,ooc,ooc
46,ooc,ooc
47,ooc,ooc
48,ooc,ooc
49,ooc,ooc
50,ooc,ooc
51,ooc,ooc
52,ooc,ooc
53,ooc,ooc
54,ooc,ooc
55,ooc,ooc
56,ooc,ooc
57,ooc,ooc
58,ooc,ooc
59,ooc,ooc
60,ooc,ooc
61,ooc,ooc
62,ooc,ooc
63,ooc,ooc
64,ooc,ooc
65,ooc,ooc
66,ooc,ooc
67,ooc,ooc
68,ooc,ooc
69,ooc,ooc
70,ooc,ooc
71,ooc,ooc
72,ooc,ooc
73,ooc,ooc
74,ooc,ooc
75,ooc,ooc
76,ooc,ooc
77,ooc,ooc
78,ooc,ooc
79,ooc,ooc
80,ooc,ooc
81,ooc,ooc
82,ooc,ooc
83,ooc,ooc
84,ooc,ooc
85,ooc,ooc
86,ooc,ooc
87,portland,esvl
88,portland,esvl
89,portland,east power
90,portland,east power
91,portland,esvl
92,portland,east power
93,portland,ooc
94,portland,asset marketing
95,portland,esvl
96,portland,hr
97,portland,hr
98,portland,east power
99,portland,eol
100,portland,ooc
101,portland,ooc
102,portland,east power
103,portland,asset marketing
104,portland,east power
105,portland,east power
106,portland,east power
107,portland,hr
108,portland,ooc
109,portland,east power
110,portland,esvl
111,portland,ooc
112,portland,east power
113,portland,east power
114,portland,hr
115,portland,ooc
116,portland,east power
117,portland,ooc
118,portland,ooc
119,portland,east power
120,portland,east power
121,portland,east power
122,portland,hr
123,portland,ooc
124,portland,east power
125,portland,east power
126,portland,ooc
127,portland,ooc
128,portland,ooc
129,portland,ooc
130,portland,ooc
131,portland,east power
132,portland,east power
133,portland,asset marketing
134,portland,hr
135,portland,ooc
136,portland,east power
137,portland,ooc
138,portland,ooc
139,portland,ooc
140,portland,east power
141,portland,east power
142,portland,ooc
143,portland,esvl
144,portland,ooc
145,portland,east power
146,portland,it
147,portland,it
148,portland,esvl
149,portland,east power
150,portland,esvl
151,portland,east power
152,portland,east power
153,portland,ooc
154,portland,esvl
155,portland,east power
156,portland,ooc
157,portland,ooc
158,portland,hr
159,portland,east power
160,portland,east power
161,portland,hr
162,portland,ooc
163,portland,hr
164,portland,east power
165,portland,esvl
166,portland,hr
167,portland,hr
168,portland,east power
169,portland,ooc
170,portland,hr
171,portland,hr
172,portland,east power
173,portland,asset marketing
174,portland,hr
175,portland,asset marketing
176,portland,esvl
177,portland,ooc
178,portland,east power
179,portland,east power
180,portland,asset marketing
181,portland,east power
182,portland,ooc
183,portland,asset marketing
184,portland,east power
185,portland,east power
186,portland,ooc
187,portland,esvl
188,portland,east power
189,portland,ooc
190,portland,ooc
191,portland,asset marketing
192,portland,ooc
193,portland,ooc
194,portland,ooc
195,portland,east power
196,portland,ooc
197,portland,ooc
198,portland,esvl
199,portland,ooc
200,portland,hr
201,portland,hr
202,portland,ooc
203,portland,eol
204,portland,eol
205,portland,east power
206,portland,esvl
207,portland,esvl
208,portland,esvl
209,portland,esvl
210,portland,eol
211,portland,ooc
212,portland,east power
213,portland,esvl
214,portland,hr
215,portland,esvl
216,portland,asset marketing
217,portland,east power
218,portland,east power
219,portland,ooc
220,portland,esvl
221,portland,esvl
222,portland,ooc
223,portland,esvl
224,portland,esvl
225,portland,esvl
226,portland,ooc
227,portland,esvl
228,portland,ooc
229,portland,ooc
230,portland,esvl
231,portland,esvl
232,portland,hr
233,portland,hr
234,portland,hr
235,portland,it
236,portland,esvl
237,portland,esvl
238,portland,eol
239,portland,esvl
240,portland,esvl
241,portland,hr
242,portland,hr
243,portland,esvl
244,portland,east power
245,portland,east power
246,portland,east power
247,portland,hr
248,portland,hr
249,portland,esvl
250,portland,hr
251,portland,esvl
252,portland,esvl
253,portland,hr
254,portland,hr
255,portland,ooc
256,portland,esvl
257,portland,east power
258,portland,esvl
259,portland,ooc
260,portland,east power
261,portland,hr
262,portland,east power
263,portland,esvl
264,portland,hr
265,portland,hr
266,portland,hr
267,portland,east power
268,portland,esvl
269,portland,esvl
270,portland,eol
271,portland,eol
272,portland,asset marketing
273,portland,hr
274,portland,eol
275,portland,east power
276,portland,hr
277,portland,east power
278,portland,ooc
279,portland,esvl
280,portland,east power
281,portland,asset marketing
282,portland,ooc
283,portland,ooc
284,portland,asset marketing
285,portland,esvl
286,portland,hr
287,portland,ooc
288,portland,east power
289,portland,ooc
290,regulatory,ooc
291,regulatory,esvl
292,regulatory,it
293,regulatory,esvl
294,regulatory,esvl
295,regulatory,it
296,regulatory,esvl
297,regulatory,east power
298,regulatory,east power
299,regulatory,esvl
300,regulatory,ooc
301,regulatory,it
302,regulatory,it
303,regulatory,eol
304,regulatory,east power
305,regulatory,ooc
306,regulatory,east power
307,regulatory,ooc
308,regulatory,east power
309,regulatory,east power
310,regulatory,east power
311,regulatory,east power
312,regulatory,east power
313,regulatory,it
314,regulatory,east power
315,regulatory,esvl
316,regulatory,east power
317,regulatory,ooc
318,regulatory,east power
319,regulatory,asset marketing
320,regulatory,esvl
321,regulatory,esvl
322,regulatory,east power
323,regulatory,esvl
324,regulatory,esvl
325,regulatory,east power
326,regulatory,hr
327,regulatory,hr
328,regulatory,east power
329,regulatory,hr
330,regulatory,ooc
331,regulatory,it
332,regulatory,ooc
333,regulatory,east power
334,regulatory,hr
335,regulatory,esvl
336,regulatory,hr
337,regulatory,hr
338,regulatory,hr
339,regulatory,east power
340,regulatory,east power
341,regulatory,east power
342,regulatory,east power
343,regulatory,it
344,regulatory,east power
345,regulatory,east power
346,regulatory,east power
347,regulatory,east power
348,regulatory,hr
349,regulatory,ooc
350,regulatory,ooc
351,regulatory,east power
352,regulatory,east power
353,regulatory,east power
354,regulatory,east power
355,regulatory,east power
356,regulatory,hr
357,regulatory,ooc
358,regulatory,east power
359,regulatory,east power
360,regulatory,ooc
361,regulatory,hr
362,regulatory,east power
363,regulatory,east power
364,regulatory,asset marketing
365,regulatory,east power
366,regulatory,hr
367,regulatory,hr
368,regulatory,hr
369,regulatory,east power
370,regulatory,ooc
371,regulatory,hr
372,regulatory,ooc
373,regulatory,east power
374,regulatory,east power
375,regulatory,east power
376,regulatory,east power
377,regulatory,east power
378,regulatory,ooc
379,regulatory,ooc
380,regulatory,east power
381,regulatory,ooc
382,regulatory,ooc
383,regulatory,ooc
384,regulatory,ooc
385,regulatory,ooc
386,regulatory,ooc
387,regulatory,ooc
388,regulatory,ooc
389,regulatory,east power
390,regulatory,east power
391,regulatory,east power
392,regulatory,east power
393,regulatory,ooc
394,regulatory,ooc
395,regulatory,east power
396,regulatory,east power
397,regulatory,east power
398,regulatory,east power
399,regulatory,east power
400,regulatory,east power
401,regulatory,hr
402,regulatory,ooc
403,regulatory,ooc
404,regulatory,east power
405,regulatory,asset marketing
406,regulatory,east power
407,regulatory,ooc
408,regulatory,east power
409,regulatory,east power
410,regulatory,ooc
411,regulatory,east power
412,regulatory,esvl
413,regulatory,esvl
414,regulatory,esvl
415,regulatory,esvl
416,regulatory,ooc
417,regulatory,east power
418,regulatory,east power
419,regulatory,esvl
420,regulatory,ooc
421,regulatory,ooc
422,regulatory,ooc
423,regulatory,ooc
424,regulatory,east power
425,regulatory,east power
426,regulatory,ooc
427,regulatory,east power
428,regulatory,asset marketing
429,regulatory,east power
430,regulatory,ooc
431,regulatory,hr
432,regulatory,ooc
433,regulatory,east power
434,regulatory,east power
435,regulatory,east power
436,regulatory,hr
437,regulatory,east power
438,regulatory,hr
439,regulatory,east power
440,regulatory,ooc
441,regulatory,hr
442,regulatory,east power
443,regulatory,ooc
444,regulatory,east power
445,regulatory,hr
446,regulatory,east power
447,regulatory,hr
448,regulatory,east power
449,regulatory,east power
450,regulatory,east power
451,regulatory,eol
452,regulatory,esvl
453,regulatory,east power
454,regulatory,it
455,regulatory,esvl
456,regulatory,esvl
457,regulatory,it
458,regulatory,esvl
459,regulatory,esvl
460,regulatory,eol
461,regulatory,esvl
462,regulatory,esvl
463,regulatory,eol
464,regulatory,east power
465,regulatory,east power
466,regulatory,east power
467,regulatory,east power
468,regulatory,east power
469,regulatory,ooc
470,regulatory,esvl
471,regulatory,eol
472,regulatory,ooc
473,regulatory,it
474,regulatory,esvl
475,regulatory,eol
476,regulatory,east power
477,regulatory,ooc
478,regulatory,east power
479,regulatory,esvl
480,regulatory,east power
481,regulatory,ooc
482,regulatory,east power
483,regulatory,esvl
484,regulatory,ooc
485,regulatory,ooc
486,regulatory,east power
487,regulatory,esvl
488,regulatory,esvl
489,regulatory,east power
490,regulatory,ooc
491,regulatory,east power
492,regulatory,east power
493,regulatory,esvl
494,regulatory,eol
495,regulatory,esvl
496,regulatory,east power
497,regulatory,ooc
498,regulatory,esvl
499,regulatory,east power
500,regulatory,east power
501,regulatory,east power
502,regulatory,east power
503,regulatory,east power
504,regulatory,east power
505,regulatory,east power
506,regulatory,it
507,regulatory,ooc
508,regulatory,esvl
509,regulatory,east power
510,regulatory,ooc
511,regulatory,it
512,regulatory,it
513,regulatory,it
514,regulatory,east power
515,regulatory,esvl
516,regulatory,east power
517,regulatory,east power
518,regulatory,esvl
519,regulatory,east power
520,regulatory,asset marketing
521,regulatory,esvl
522,regulatory,ooc
523,regulatory,esvl
524,regulatory,ooc
525,regulatory,east power
526,regulatory,east power
527,regulatory,east power
528,regulatory,east power
529,regulatory,hr
530,regulatory,east power
531,regulatory,esvl
