,given,predicted
0,tw-commercial group,tw-commercial group
1,tw-commercial group,tw-commercial group
2,tw-commercial group,tw-commercial group
3,tw-commercial group,tw-commercial group
4,tw-commercial group,tw-commercial group
5,tw-commercial group,tw-commercial group
6,tw-commercial group,tw-commercial group
7,tw-commercial group,tw-commercial group
8,tw-commercial group,personal
9,tw-commercial group,tw-commercial group
10,tw-commercial group,systems
11,tw-commercial group,systems
12,tw-commercial group,tw-commercial group
13,tw-commercial group,tw-commercial group
14,tw-commercial group,tw-commercial group
15,tw-commercial group,tw-commercial group
16,tw-commercial group,tw-commercial group
17,tw-commercial group,tw-commercial group
18,tw-commercial group,tw-commercial group
19,tw-commercial group,tw-commercial group
20,tw-commercial group,tw-commercial group
21,tw-commercial group,tw-commercial group
22,tw-commercial group,tw-commercial group
23,tw-commercial group,tw-commercial group
24,tw-commercial group,systems
25,tw-commercial group,tw-commercial group
26,tw-commercial group,tw-commercial group
27,tw-commercial group,personal
28,tw-commercial group,tw-commercial group
29,tw-commercial group,tw-commercial group
30,tw-commercial group,tw-commercial group
31,tw-commercial group,tw-commercial group
32,tw-commercial group,tw-commercial group
33,tw-commercial group,tw-commercial group
34,tw-commercial group,tw-commercial group
35,tw-commercial group,corporate
36,tw-commercial group,tw-commercial group
37,tw-commercial group,tw-commercial group
38,tw-commercial group,tw-commercial group
39,tw-commercial group,tw-commercial group
40,tw-commercial group,tw-commercial group
41,tw-commercial group,tw-commercial group
42,tw-commercial group,tw-commercial group
43,tw-commercial group,tw-commercial group
44,tw-commercial group,tw-commercial group
45,tw-commercial group,tw-commercial group
46,tw-commercial group,tw-commercial group
47,tw-commercial group,tw-commercial group
48,tw-commercial group,tw-commercial group
49,tw-commercial group,personal
50,tw-commercial group,tw-commercial group
51,tw-commercial group,tw-commercial group
52,tw-commercial group,tw-commercial group
53,tw-commercial group,tw-commercial group
54,tw-commercial group,tw-commercial group
55,tw-commercial group,tw-commercial group
56,tw-commercial group,tw-commercial group
57,tw-commercial group,tw-commercial group
58,tw-commercial group,tw-commercial group
59,tw-commercial group,tw-commercial group
60,tw-commercial group,tw-commercial group
61,tw-commercial group,tw-commercial group
62,tw-commercial group,tw-commercial group
63,tw-commercial group,tw-commercial group
64,tw-commercial group,tw-commercial group
65,tw-commercial group,tw-commercial group
66,tw-commercial group,tw-commercial group
67,tw-commercial group,tw-commercial group
68,tw-commercial group,tw-commercial group
69,tw-commercial group,tw-commercial group
70,tw-commercial group,tw-commercial group
71,tw-commercial group,tw-commercial group
72,tw-commercial group,tw-commercial group
73,tw-commercial group,articles
74,tw-commercial group,articles
75,tw-commercial group,tw-commercial group
76,tw-commercial group,tw-commercial group
77,tw-commercial group,tw-commercial group
78,tw-commercial group,tw-commercial group
79,tw-commercial group,tw-commercial group
80,tw-commercial group,tw-commercial group
81,tw-commercial group,tw-commercial group
82,tw-commercial group,tw-commercial group
83,tw-commercial group,tw-commercial group
84,tw-commercial group,tw-commercial group
85,tw-commercial group,tw-commercial group
86,tw-commercial group,tw-commercial group
87,tw-commercial group,tw-commercial group
88,tw-commercial group,tw-commercial group
89,tw-commercial group,tw-commercial group
90,tw-commercial group,tw-commercial group
91,tw-commercial group,tw-commercial group
92,tw-commercial group,tw-commercial group
93,tw-commercial group,tw-commercial group
94,tw-commercial group,tw-commercial group
95,tw-commercial group,tw-commercial group
96,tw-commercial group,tw-commercial group
97,tw-commercial group,tw-commercial group
98,tw-commercial group,articles
99,tw-commercial group,tw-commercial group
100,tw-commercial group,tw-commercial group
101,tw-commercial group,tw-commercial group
102,tw-commercial group,tw-commercial group
103,tw-commercial group,tw-commercial group
104,tw-commercial group,tw-commercial group
105,tw-commercial group,tw-commercial group
106,tw-commercial group,tw-commercial group
107,tw-commercial group,articles
108,tw-commercial group,tw-commercial group
109,tw-commercial group,tw-commercial group
110,tw-commercial group,tw-commercial group
111,tw-commercial group,tw-commercial group
112,tw-commercial group,tw-commercial group
113,tw-commercial group,tw-commercial group
114,tw-commercial group,articles
115,tw-commercial group,tw-commercial group
116,tw-commercial group,tw-commercial group
117,tw-commercial group,tw-commercial group
118,tw-commercial group,tw-commercial group
119,tw-commercial group,tw-commercial group
120,tw-commercial group,tw-commercial group
121,tw-commercial group,tw-commercial group
122,tw-commercial group,personal
123,tw-commercial group,tw-commercial group
124,tw-commercial group,tw-commercial group
125,tw-commercial group,corporate
126,tw-commercial group,tw-commercial group
127,tw-commercial group,tw-commercial group
128,tw-commercial group,tw-commercial group
129,tw-commercial group,tw-commercial group
130,tw-commercial group,tw-commercial group
131,tw-commercial group,tw-commercial group
132,tw-commercial group,tw-commercial group
133,tw-commercial group,tw-commercial group
134,tw-commercial group,tw-commercial group
135,tw-commercial group,tw-commercial group
136,tw-commercial group,tw-commercial group
137,tw-commercial group,tw-commercial group
138,tw-commercial group,tw-commercial group
139,tw-commercial group,tw-commercial group
140,tw-commercial group,tw-commercial group
141,tw-commercial group,tw-commercial group
142,tw-commercial group,tw-commercial group
143,tw-commercial group,tw-commercial group
144,tw-commercial group,tw-commercial group
145,tw-commercial group,tw-commercial group
146,tw-commercial group,tw-commercial group
147,tw-commercial group,tw-commercial group
148,tw-commercial group,tw-commercial group
149,tw-commercial group,tw-commercial group
150,tw-commercial group,tw-commercial group
151,tw-commercial group,tw-commercial group
152,tw-commercial group,tw-commercial group
153,tw-commercial group,tw-commercial group
154,tw-commercial group,tw-commercial group
155,tw-commercial group,tw-commercial group
156,tw-commercial group,enron t&s
157,tw-commercial group,tw-commercial group
158,tw-commercial group,articles
159,tw-commercial group,articles
160,tw-commercial group,tw-commercial group
161,tw-commercial group,tw-commercial group
162,tw-commercial group,tw-commercial group
163,tw-commercial group,tw-commercial group
164,tw-commercial group,tw-commercial group
165,tw-commercial group,tw-commercial group
166,tw-commercial group,tw-commercial group
167,tw-commercial group,tw-commercial group
168,tw-commercial group,tw-commercial group
169,tw-commercial group,tw-commercial group
170,tw-commercial group,tw-commercial group
171,tw-commercial group,tw-commercial group
172,tw-commercial group,tw-commercial group
173,tw-commercial group,tw-commercial group
174,tw-commercial group,tw-commercial group
175,tw-commercial group,tw-commercial group
176,tw-commercial group,tw-commercial group
177,tw-commercial group,tw-commercial group
178,tw-commercial group,tw-commercial group
179,tw-commercial group,tw-commercial group
180,tw-commercial group,tw-commercial group
181,tw-commercial group,tw-commercial group
182,tw-commercial group,tw-commercial group
183,tw-commercial group,tw-commercial group
184,tw-commercial group,tw-commercial group
185,tw-commercial group,tw-commercial group
186,tw-commercial group,tw-commercial group
187,tw-commercial group,tw-commercial group
188,tw-commercial group,tw-commercial group
189,tw-commercial group,tw-commercial group
190,tw-commercial group,tw-commercial group
191,tw-commercial group,tw-commercial group
192,tw-commercial group,personal
193,tw-commercial group,tw-commercial group
194,tw-commercial group,tw-commercial group
195,tw-commercial group,tw-commercial group
196,tw-commercial group,tw-commercial group
197,tw-commercial group,tw-commercial group
198,tw-commercial group,tw-commercial group
199,tw-commercial group,tw-commercial group
200,tw-commercial group,tw-commercial group
201,tw-commercial group,tw-commercial group
202,tw-commercial group,tw-commercial group
203,tw-commercial group,tw-commercial group
204,tw-commercial group,tw-commercial group
205,tw-commercial group,tw-commercial group
206,tw-commercial group,tw-commercial group
207,tw-commercial group,tw-commercial group
208,tw-commercial group,tw-commercial group
209,tw-commercial group,tw-commercial group
210,tw-commercial group,tw-commercial group
211,tw-commercial group,tw-commercial group
212,tw-commercial group,tw-commercial group
213,tw-commercial group,tw-commercial group
214,tw-commercial group,tw-commercial group
215,tw-commercial group,tw-commercial group
216,tw-commercial group,tw-commercial group
217,tw-commercial group,tw-commercial group
218,tw-commercial group,tw-commercial group
219,tw-commercial group,tw-commercial group
220,tw-commercial group,personal
221,tw-commercial group,tw-commercial group
222,tw-commercial group,tw-commercial group
223,tw-commercial group,tw-commercial group
224,tw-commercial group,tw-commercial group
225,tw-commercial group,tw-commercial group
226,tw-commercial group,tw-commercial group
227,tw-commercial group,tw-commercial group
228,tw-commercial group,tw-commercial group
229,tw-commercial group,tw-commercial group
230,tw-commercial group,tw-commercial group
231,tw-commercial group,tw-commercial group
232,tw-commercial group,tw-commercial group
233,tw-commercial group,tw-commercial group
234,tw-commercial group,tw-commercial group
235,tw-commercial group,tw-commercial group
236,tw-commercial group,tw-commercial group
237,tw-commercial group,tw-commercial group
238,tw-commercial group,tw-commercial group
239,tw-commercial group,tw-commercial group
240,tw-commercial group,tw-commercial group
241,tw-commercial group,tw-commercial group
242,tw-commercial group,tw-commercial group
243,tw-commercial group,tw-commercial group
244,tw-commercial group,tw-commercial group
245,tw-commercial group,tw-commercial group
246,tw-commercial group,tw-commercial group
247,tw-commercial group,tw-commercial group
248,tw-commercial group,tw-commercial group
249,tw-commercial group,tw-commercial group
250,tw-commercial group,tw-commercial group
251,tw-commercial group,tw-commercial group
252,tw-commercial group,tw-commercial group
253,tw-commercial group,tw-commercial group
254,tw-commercial group,tw-commercial group
255,tw-commercial group,tw-commercial group
256,tw-commercial group,tw-commercial group
257,tw-commercial group,tw-commercial group
258,tw-commercial group,tw-commercial group
259,tw-commercial group,systems
260,tw-commercial group,tw-commercial group
261,tw-commercial group,tw-commercial group
262,tw-commercial group,tw-commercial group
263,tw-commercial group,tw-commercial group
264,tw-commercial group,tw-commercial group
265,tw-commercial group,tw-commercial group
266,tw-commercial group,tw-commercial group
267,tw-commercial group,tw-commercial group
268,tw-commercial group,tw-commercial group
269,tw-commercial group,tw-commercial group
270,tw-commercial group,tw-commercial group
271,tw-commercial group,tw-commercial group
272,tw-commercial group,tw-commercial group
273,tw-commercial group,tw-commercial group
274,tw-commercial group,tw-commercial group
275,tw-commercial group,tw-commercial group
276,tw-commercial group,tw-commercial group
277,tw-commercial group,tw-commercial group
278,tw-commercial group,tw-commercial group
279,tw-commercial group,tw-commercial group
280,tw-commercial group,tw-commercial group
281,tw-commercial group,tw-commercial group
282,tw-commercial group,personal
283,tw-commercial group,tw-commercial group
284,tw-commercial group,tw-commercial group
285,tw-commercial group,tw-commercial group
286,tw-commercial group,tw-commercial group
287,tw-commercial group,tw-commercial group
288,tw-commercial group,tw-commercial group
289,tw-commercial group,tw-commercial group
290,tw-commercial group,tw-commercial group
291,tw-commercial group,tw-commercial group
292,tw-commercial group,tw-commercial group
293,tw-commercial group,tw-commercial group
294,tw-commercial group,tw-commercial group
295,tw-commercial group,tw-commercial group
296,tw-commercial group,tw-commercial group
297,tw-commercial group,tw-commercial group
298,tw-commercial group,tw-commercial group
299,tw-commercial group,tw-commercial group
300,tw-commercial group,tw-commercial group
301,tw-commercial group,tw-commercial group
302,tw-commercial group,tw-commercial group
303,tw-commercial group,tw-commercial group
304,tw-commercial group,tw-commercial group
305,tw-commercial group,tw-commercial group
306,tw-commercial group,tw-commercial group
307,tw-commercial group,tw-commercial group
308,tw-commercial group,tw-commercial group
309,tw-commercial group,tw-commercial group
310,tw-commercial group,tw-commercial group
311,tw-commercial group,tw-commercial group
312,tw-commercial group,tw-commercial group
313,tw-commercial group,tw-commercial group
314,tw-commercial group,tw-commercial group
315,tw-commercial group,tw-commercial group
316,tw-commercial group,tw-commercial group
317,tw-commercial group,tw-commercial group
318,tw-commercial group,tw-commercial group
319,tw-commercial group,tw-commercial group
320,tw-commercial group,tw-commercial group
321,tw-commercial group,tw-commercial group
322,tw-commercial group,tw-commercial group
323,tw-commercial group,tw-commercial group
324,tw-commercial group,tw-commercial group
325,tw-commercial group,tw-commercial group
326,tw-commercial group,tw-commercial group
327,tw-commercial group,tw-commercial group
328,tw-commercial group,tw-commercial group
329,tw-commercial group,tw-commercial group
330,tw-commercial group,tw-commercial group
331,tw-commercial group,tw-commercial group
332,tw-commercial group,tw-commercial group
333,tw-commercial group,tw-commercial group
334,tw-commercial group,tw-commercial group
335,tw-commercial group,tw-commercial group
336,tw-commercial group,tw-commercial group
337,tw-commercial group,tw-commercial group
338,tw-commercial group,tw-commercial group
339,tw-commercial group,tw-commercial group
340,tw-commercial group,tw-commercial group
341,tw-commercial group,tw-commercial group
342,tw-commercial group,tw-commercial group
343,tw-commercial group,tw-commercial group
344,tw-commercial group,tw-commercial group
345,tw-commercial group,tw-commercial group
346,tw-commercial group,tw-commercial group
347,tw-commercial group,tw-commercial group
348,tw-commercial group,tw-commercial group
349,tw-commercial group,tw-commercial group
350,tw-commercial group,tw-commercial group
351,tw-commercial group,tw-commercial group
352,tw-commercial group,articles
353,tw-commercial group,tw-commercial group
354,tw-commercial group,tw-commercial group
355,tw-commercial group,tw-commercial group
356,tw-commercial group,tw-commercial group
357,tw-commercial group,tw-commercial group
358,tw-commercial group,tw-commercial group
359,tw-commercial group,tw-commercial group
360,tw-commercial group,tw-commercial group
361,tw-commercial group,tw-commercial group
362,tw-commercial group,tw-commercial group
363,tw-commercial group,tw-commercial group
364,tw-commercial group,tw-commercial group
365,tw-commercial group,tw-commercial group
366,tw-commercial group,tw-commercial group
367,tw-commercial group,tw-commercial group
368,tw-commercial group,tw-commercial group
369,tw-commercial group,tw-commercial group
370,tw-commercial group,tw-commercial group
371,tw-commercial group,tw-commercial group
372,tw-commercial group,tw-commercial group
373,tw-commercial group,tw-commercial group
374,tw-commercial group,tw-commercial group
375,tw-commercial group,tw-commercial group
376,tw-commercial group,tw-commercial group
377,tw-commercial group,tw-commercial group
378,tw-commercial group,tw-commercial group
379,tw-commercial group,tw-commercial group
380,tw-commercial group,tw-commercial group
381,tw-commercial group,tw-commercial group
382,tw-commercial group,tw-commercial group
383,tw-commercial group,tw-commercial group
384,tw-commercial group,tw-commercial group
385,tw-commercial group,tw-commercial group
386,tw-commercial group,tw-commercial group
387,tw-commercial group,tw-commercial group
388,tw-commercial group,tw-commercial group
389,tw-commercial group,tw-commercial group
390,tw-commercial group,tw-commercial group
391,tw-commercial group,tw-commercial group
392,tw-commercial group,tw-commercial group
393,tw-commercial group,tw-commercial group
394,tw-commercial group,tw-commercial group
395,tw-commercial group,tw-commercial group
396,tw-commercial group,tw-commercial group
397,tw-commercial group,tw-commercial group
398,tw-commercial group,tw-commercial group
399,tw-commercial group,tw-commercial group
400,tw-commercial group,tw-commercial group
401,tw-commercial group,tw-commercial group
402,tw-commercial group,tw-commercial group
403,tw-commercial group,tw-commercial group
404,tw-commercial group,tw-commercial group
405,tw-commercial group,tw-commercial group
406,tw-commercial group,tw-commercial group
407,tw-commercial group,tw-commercial group
408,tw-commercial group,tw-commercial group
409,tw-commercial group,tw-commercial group
410,tw-commercial group,tw-commercial group
411,tw-commercial group,tw-commercial group
412,tw-commercial group,tw-commercial group
413,tw-commercial group,tw-commercial group
414,tw-commercial group,tw-commercial group
415,tw-commercial group,tw-commercial group
416,tw-commercial group,tw-commercial group
417,tw-commercial group,tw-commercial group
418,tw-commercial group,tw-commercial group
419,tw-commercial group,tw-commercial group
420,tw-commercial group,tw-commercial group
421,tw-commercial group,tw-commercial group
422,tw-commercial group,tw-commercial group
423,tw-commercial group,tw-commercial group
424,tw-commercial group,tw-commercial group
425,tw-commercial group,tw-commercial group
426,tw-commercial group,tw-commercial group
427,tw-commercial group,tw-commercial group
428,tw-commercial group,tw-commercial group
429,tw-commercial group,tw-commercial group
430,tw-commercial group,tw-commercial group
431,tw-commercial group,tw-commercial group
432,tw-commercial group,tw-commercial group
433,tw-commercial group,tw-commercial group
434,tw-commercial group,tw-commercial group
435,tw-commercial group,tw-commercial group
436,tw-commercial group,tw-commercial group
437,tw-commercial group,tw-commercial group
438,tw-commercial group,tw-commercial group
439,tw-commercial group,tw-commercial group
440,tw-commercial group,tw-commercial group
441,tw-commercial group,tw-commercial group
442,tw-commercial group,tw-commercial group
443,tw-commercial group,tw-commercial group
444,tw-commercial group,tw-commercial group
445,tw-commercial group,tw-commercial group
446,tw-commercial group,tw-commercial group
447,tw-commercial group,tw-commercial group
448,tw-commercial group,tw-commercial group
449,tw-commercial group,articles
450,tw-commercial group,tw-commercial group
451,tw-commercial group,tw-commercial group
452,tw-commercial group,tw-commercial group
453,tw-commercial group,tw-commercial group
454,tw-commercial group,tw-commercial group
455,tw-commercial group,tw-commercial group
456,tw-commercial group,tw-commercial group
457,tw-commercial group,tw-commercial group
458,tw-commercial group,systems
459,tw-commercial group,tw-commercial group
460,tw-commercial group,tw-commercial group
461,tw-commercial group,tw-commercial group
