,given,predicted
0,personal,personal
1,personal,personal
2,personal,personal
3,personal,personal
4,personal,california
5,personal,personal
6,personal,personal
7,personal,personal
8,personal,personal
9,personal,personal
10,personal,personal
11,personal,personal
12,personal,personal
13,personal,personal
14,personal,personal
15,personal,personal
16,personal,personal
17,personal,personal
18,personal,personal
19,personal,personal
20,personal,personal
21,personal,california
22,personal,personal
23,personal,california
24,personal,personal
25,personal,personal
26,personal,personal
27,personal,personal
28,personal,personal
29,personal,personal
30,personal,california
31,personal,personal
32,personal,personal
33,personal,personal
34,personal,personal
35,personal,california
36,personal,personal
37,personal,personal
38,personal,california
39,personal,personal
40,personal,personal
41,personal,california
42,personal,personal
43,personal,personal
44,personal,personal
45,personal,personal
46,personal,personal
47,personal,personal
48,personal,personal
49,personal,california
50,personal,personal
51,personal,personal
52,personal,personal
53,personal,personal
54,personal,personal
55,personal,personal
56,personal,personal
