,given,predicted
0,online trading,online trading
1,online trading,6_00
2,online trading,7_00
3,online trading,online trading
4,online trading,5_00
5,online trading,online trading
6,online trading,online trading
7,online trading,7_00
8,online trading,6_00
9,online trading,online trading
10,online trading,8_00
11,online trading,5_00
12,online trading,8_00
13,online trading,8_00
14,online trading,5_00
15,online trading,9_00
16,online trading,5_00
17,online trading,online trading
18,online trading,8_00
19,online trading,8_00
20,online trading,online trading
21,online trading,online trading
22,online trading,5_00
23,online trading,online trading
24,online trading,online trading
25,online trading,online trading
26,online trading,online trading
27,online trading,online trading
28,online trading,8_00
29,online trading,online trading
30,online trading,online trading
31,online trading,online trading
32,online trading,8_00
33,online trading,online trading
34,online trading,online trading
35,online trading,online trading
36,online trading,online trading
37,online trading,online trading
38,online trading,online trading
39,online trading,online trading
40,online trading,online trading
41,online trading,online trading
42,online trading,online trading
43,online trading,online trading
44,online trading,online trading
45,online trading,online trading
46,online trading,5_00
47,online trading,online trading
48,online trading,online trading
49,online trading,online trading
50,online trading,9_00
51,online trading,online trading
52,online trading,online trading
53,online trading,online trading
54,online trading,online trading
55,online trading,online trading
56,online trading,online trading
57,online trading,online trading
58,online trading,online trading
59,online trading,online trading
60,online trading,online trading
61,online trading,online trading
62,online trading,online trading
63,online trading,online trading
64,online trading,9_00
65,online trading,online trading
66,online trading,online trading
67,online trading,6_00
68,online trading,5_00
69,online trading,online trading
70,online trading,online trading
71,online trading,online trading
72,online trading,online trading
73,online trading,online trading
74,online trading,online trading
75,online trading,8_00
76,online trading,online trading
77,online trading,online trading
78,online trading,online trading
79,online trading,online trading
80,online trading,online trading
81,online trading,online trading
82,online trading,online trading
83,online trading,online trading
84,online trading,online trading
85,online trading,online trading
86,online trading,6_00
87,online trading,online trading
88,time off,9_00
89,time off,6_00
90,time off,8_00
91,time off,9_00
92,time off,8_00
93,time off,9_00
94,time off,5_00
95,time off,8_00
96,time off,8_00
97,time off,9_00
98,time off,9_00
99,time off,9_00
100,time off,7_00
101,time off,5_00
102,time off,8_00
103,time off,9_00
104,time off,5_00
105,time off,5_00
106,time off,8_00
107,time off,9_00
108,time off,9_00
109,time off,8_00
110,time off,9_00
111,time off,8_00
112,time off,9_00
113,time off,6_00
114,time off,8_00
115,time off,8_00
116,time off,8_00
117,time off,6_00
118,time off,8_00
119,time off,6_00
120,time off,5_00
121,time off,8_00
122,time off,6_00
123,time off,9_00
124,time off,8_00
125,time off,9_00
126,time off,9_00
127,time off,9_00
128,time off,9_00
129,time off,5_00
130,time off,9_00
131,time off,9_00
132,time off,9_00
133,time off,5_00
134,time off,9_00
135,time off,6_00
136,time off,9_00
137,time off,6_00
138,time off,9_00
139,time off,9_00
140,time off,5_00
141,time off,5_00
142,time off,7_00
143,time off,9_00
144,time off,5_00
145,time off,9_00
146,time off,9_00
147,time off,9_00
148,time off,8_00
149,time off,6_00
150,time off,6_00
151,time off,8_00
152,time off,9_00
153,time off,6_00
154,time off,6_00
155,time off,8_00
156,time off,9_00
157,time off,6_00
158,time off,5_00
159,time off,9_00
160,time off,5_00
161,time off,9_00
162,time off,8_00
163,time off,8_00
164,time off,8_00
165,time off,9_00
166,time off,9_00
167,time off,9_00
168,time off,8_00
169,time off,9_00
170,time off,9_00
171,time off,9_00
172,time off,6_00
173,time off,8_00
174,time off,7_00
175,time off,9_00
176,time off,8_00
177,time off,7_00
178,time off,5_00
179,time off,6_00
180,time off,8_00
181,time off,6_00
182,time off,8_00
183,time off,9_00
184,time off,8_00
185,time off,6_00
186,time off,6_00
187,time off,9_00
188,time off,9_00
189,time off,9_00
190,time off,6_00
191,time off,5_00
192,time off,6_00
193,time off,9_00
194,time off,6_00
195,time off,6_00
196,time off,8_00
197,time off,9_00
198,time off,8_00
199,time off,6_00
200,time off,8_00
201,time off,8_00
202,time off,9_00
203,time off,9_00
204,time off,8_00
205,time off,6_00
206,time off,6_00
207,time off,9_00
208,time off,6_00
209,time off,9_00
210,time off,8_00
211,time off,8_00
212,time off,9_00
213,time off,6_00
214,time off,5_00
215,time off,9_00
216,time off,8_00
217,time off,8_00
218,time off,6_00
219,time off,9_00
220,time off,6_00
221,time off,8_00
