,given,predicted
0,schedule crawler,schedule crawler
1,schedule crawler,schedule crawler
2,schedule crawler,schedule crawler
3,schedule crawler,schedule crawler
4,schedule crawler,schedule crawler
5,schedule crawler,schedule crawler
6,schedule crawler,schedule crawler
7,schedule crawler,schedule crawler
8,schedule crawler,schedule crawler
9,schedule crawler,schedule crawler
10,schedule crawler,schedule crawler
11,schedule crawler,schedule crawler
12,schedule crawler,schedule crawler
13,schedule crawler,schedule crawler
14,schedule crawler,schedule crawler
15,schedule crawler,schedule crawler
16,schedule crawler,schedule crawler
17,schedule crawler,schedule crawler
18,schedule crawler,schedule crawler
19,schedule crawler,schedule crawler
20,schedule crawler,schedule crawler
21,schedule crawler,schedule crawler
22,schedule crawler,schedule crawler
23,schedule crawler,schedule crawler
24,schedule crawler,schedule crawler
25,schedule crawler,schedule crawler
26,schedule crawler,schedule crawler
27,schedule crawler,schedule crawler
28,schedule crawler,schedule crawler
29,schedule crawler,schedule crawler
30,schedule crawler,schedule crawler
31,schedule crawler,schedule crawler
32,schedule crawler,schedule crawler
33,schedule crawler,schedule crawler
34,schedule crawler,schedule crawler
35,schedule crawler,schedule crawler
36,schedule crawler,schedule crawler
37,schedule crawler,schedule crawler
38,schedule crawler,schedule crawler
39,schedule crawler,schedule crawler
40,schedule crawler,schedule crawler
41,schedule crawler,schedule crawler
42,schedule crawler,schedule crawler
43,schedule crawler,schedule crawler
44,schedule crawler,schedule crawler
45,schedule crawler,schedule crawler
46,schedule crawler,schedule crawler
47,schedule crawler,schedule crawler
48,schedule crawler,schedule crawler
49,schedule crawler,schedule crawler
50,schedule crawler,schedule crawler
51,schedule crawler,schedule crawler
52,schedule crawler,schedule crawler
53,schedule crawler,schedule crawler
54,schedule crawler,schedule crawler
55,schedule crawler,schedule crawler
56,schedule crawler,schedule crawler
57,schedule crawler,schedule crawler
58,schedule crawler,schedule crawler
59,schedule crawler,schedule crawler
60,schedule crawler,schedule crawler
61,schedule crawler,schedule crawler
62,schedule crawler,schedule crawler
63,schedule crawler,schedule crawler
64,schedule crawler,schedule crawler
65,schedule crawler,schedule crawler
66,schedule crawler,schedule crawler
67,schedule crawler,schedule crawler
68,schedule crawler,schedule crawler
69,schedule crawler,schedule crawler
70,schedule crawler,schedule crawler
71,schedule crawler,schedule crawler
72,schedule crawler,schedule crawler
73,schedule crawler,schedule crawler
74,schedule crawler,schedule crawler
75,schedule crawler,schedule crawler
76,schedule crawler,schedule crawler
77,schedule crawler,schedule crawler
78,schedule crawler,schedule crawler
79,schedule crawler,schedule crawler
80,schedule crawler,schedule crawler
81,schedule crawler,schedule crawler
82,schedule crawler,schedule crawler
83,schedule crawler,schedule crawler
84,schedule crawler,schedule crawler
85,schedule crawler,schedule crawler
86,schedule crawler,schedule crawler
87,schedule crawler,schedule crawler
88,schedule crawler,schedule crawler
89,schedule crawler,schedule crawler
90,schedule crawler,schedule crawler
91,schedule crawler,schedule crawler
92,schedule crawler,schedule crawler
93,schedule crawler,schedule crawler
94,schedule crawler,schedule crawler
95,schedule crawler,schedule crawler
96,schedule crawler,schedule crawler
97,schedule crawler,schedule crawler
98,schedule crawler,schedule crawler
99,schedule crawler,schedule crawler
100,schedule crawler,schedule crawler
101,schedule crawler,schedule crawler
102,schedule crawler,schedule crawler
103,schedule crawler,schedule crawler
104,schedule crawler,schedule crawler
105,schedule crawler,schedule crawler
106,schedule crawler,schedule crawler
107,schedule crawler,schedule crawler
108,schedule crawler,schedule crawler
109,schedule crawler,schedule crawler
110,schedule crawler,schedule crawler
111,schedule crawler,schedule crawler
112,schedule crawler,schedule crawler
113,schedule crawler,schedule crawler
114,schedule crawler,schedule crawler
115,schedule crawler,schedule crawler
116,schedule crawler,schedule crawler
117,schedule crawler,schedule crawler
118,schedule crawler,schedule crawler
119,schedule crawler,schedule crawler
120,schedule crawler,schedule crawler
121,schedule crawler,schedule crawler
122,schedule crawler,schedule crawler
123,schedule crawler,schedule crawler
124,schedule crawler,schedule crawler
125,schedule crawler,schedule crawler
126,schedule crawler,schedule crawler
127,schedule crawler,schedule crawler
128,schedule crawler,schedule crawler
129,schedule crawler,schedule crawler
130,schedule crawler,schedule crawler
131,schedule crawler,schedule crawler
132,schedule crawler,schedule crawler
133,schedule crawler,schedule crawler
134,schedule crawler,schedule crawler
135,schedule crawler,schedule crawler
136,schedule crawler,schedule crawler
137,schedule crawler,schedule crawler
138,schedule crawler,schedule crawler
139,schedule crawler,schedule crawler
140,schedule crawler,schedule crawler
141,schedule crawler,schedule crawler
142,schedule crawler,schedule crawler
143,schedule crawler,schedule crawler
144,schedule crawler,schedule crawler
145,schedule crawler,schedule crawler
146,schedule crawler,schedule crawler
147,schedule crawler,schedule crawler
148,schedule crawler,schedule crawler
149,schedule crawler,schedule crawler
150,schedule crawler,schedule crawler
151,schedule crawler,schedule crawler
152,schedule crawler,schedule crawler
153,schedule crawler,schedule crawler
154,schedule crawler,schedule crawler
155,schedule crawler,schedule crawler
156,schedule crawler,schedule crawler
157,schedule crawler,schedule crawler
158,schedule crawler,schedule crawler
159,schedule crawler,schedule crawler
160,schedule crawler,schedule crawler
161,schedule crawler,schedule crawler
162,schedule crawler,schedule crawler
163,schedule crawler,schedule crawler
164,schedule crawler,schedule crawler
165,schedule crawler,schedule crawler
166,schedule crawler,schedule crawler
167,schedule crawler,schedule crawler
168,schedule crawler,schedule crawler
169,schedule crawler,schedule crawler
170,schedule crawler,schedule crawler
171,schedule crawler,schedule crawler
172,schedule crawler,schedule crawler
173,schedule crawler,schedule crawler
174,schedule crawler,schedule crawler
175,schedule crawler,schedule crawler
176,schedule crawler,schedule crawler
177,schedule crawler,schedule crawler
178,schedule crawler,schedule crawler
179,schedule crawler,schedule crawler
180,schedule crawler,schedule crawler
181,schedule crawler,schedule crawler
182,schedule crawler,schedule crawler
183,schedule crawler,schedule crawler
184,schedule crawler,schedule crawler
185,schedule crawler,schedule crawler
186,schedule crawler,schedule crawler
187,schedule crawler,schedule crawler
188,schedule crawler,schedule crawler
189,schedule crawler,schedule crawler
190,schedule crawler,schedule crawler
191,schedule crawler,schedule crawler
192,schedule crawler,schedule crawler
193,schedule crawler,schedule crawler
194,schedule crawler,schedule crawler
195,schedule crawler,schedule crawler
196,schedule crawler,schedule crawler
197,schedule crawler,schedule crawler
198,schedule crawler,schedule crawler
199,schedule crawler,schedule crawler
200,schedule crawler,schedule crawler
201,schedule crawler,schedule crawler
202,schedule crawler,schedule crawler
203,schedule crawler,schedule crawler
204,schedule crawler,schedule crawler
205,schedule crawler,schedule crawler
206,schedule crawler,schedule crawler
207,schedule crawler,schedule crawler
208,schedule crawler,schedule crawler
209,schedule crawler,schedule crawler
210,schedule crawler,schedule crawler
211,schedule crawler,bill williams iii
212,schedule crawler,schedule crawler
213,schedule crawler,schedule crawler
214,schedule crawler,schedule crawler
215,schedule crawler,schedule crawler
216,schedule crawler,schedule crawler
217,schedule crawler,schedule crawler
218,schedule crawler,schedule crawler
219,schedule crawler,schedule crawler
220,schedule crawler,schedule crawler
221,schedule crawler,schedule crawler
222,schedule crawler,schedule crawler
223,schedule crawler,schedule crawler
224,schedule crawler,schedule crawler
225,schedule crawler,schedule crawler
226,schedule crawler,schedule crawler
227,schedule crawler,schedule crawler
228,schedule crawler,schedule crawler
229,schedule crawler,schedule crawler
230,schedule crawler,schedule crawler
231,schedule crawler,schedule crawler
232,schedule crawler,schedule crawler
233,schedule crawler,schedule crawler
234,schedule crawler,schedule crawler
235,schedule crawler,schedule crawler
236,schedule crawler,schedule crawler
237,schedule crawler,schedule crawler
238,schedule crawler,schedule crawler
239,schedule crawler,schedule crawler
240,schedule crawler,schedule crawler
241,schedule crawler,schedule crawler
242,schedule crawler,schedule crawler
243,schedule crawler,schedule crawler
244,schedule crawler,schedule crawler
245,schedule crawler,schedule crawler
246,schedule crawler,schedule crawler
247,schedule crawler,schedule crawler
248,schedule crawler,schedule crawler
249,schedule crawler,schedule crawler
250,schedule crawler,schedule crawler
251,schedule crawler,schedule crawler
252,schedule crawler,schedule crawler
253,schedule crawler,schedule crawler
254,schedule crawler,schedule crawler
255,schedule crawler,schedule crawler
256,schedule crawler,schedule crawler
257,schedule crawler,schedule crawler
258,schedule crawler,schedule crawler
259,schedule crawler,schedule crawler
260,schedule crawler,schedule crawler
261,schedule crawler,schedule crawler
262,schedule crawler,schedule crawler
263,schedule crawler,schedule crawler
264,schedule crawler,schedule crawler
265,schedule crawler,schedule crawler
266,schedule crawler,schedule crawler
267,schedule crawler,schedule crawler
268,schedule crawler,schedule crawler
269,schedule crawler,schedule crawler
270,schedule crawler,schedule crawler
271,schedule crawler,schedule crawler
272,schedule crawler,schedule crawler
273,schedule crawler,schedule crawler
274,schedule crawler,schedule crawler
275,schedule crawler,schedule crawler
276,schedule crawler,schedule crawler
277,schedule crawler,schedule crawler
278,schedule crawler,schedule crawler
279,schedule crawler,schedule crawler
280,schedule crawler,schedule crawler
281,schedule crawler,schedule crawler
282,schedule crawler,schedule crawler
283,schedule crawler,schedule crawler
284,schedule crawler,schedule crawler
285,schedule crawler,schedule crawler
286,schedule crawler,schedule crawler
287,schedule crawler,schedule crawler
288,schedule crawler,schedule crawler
289,schedule crawler,schedule crawler
290,schedule crawler,schedule crawler
291,schedule crawler,schedule crawler
292,schedule crawler,schedule crawler
293,schedule crawler,schedule crawler
294,schedule crawler,schedule crawler
295,schedule crawler,schedule crawler
296,schedule crawler,schedule crawler
297,schedule crawler,schedule crawler
298,schedule crawler,schedule crawler
299,schedule crawler,schedule crawler
300,schedule crawler,schedule crawler
301,schedule crawler,schedule crawler
302,schedule crawler,schedule crawler
303,schedule crawler,schedule crawler
304,schedule crawler,schedule crawler
305,schedule crawler,schedule crawler
306,schedule crawler,schedule crawler
307,schedule crawler,schedule crawler
308,schedule crawler,schedule crawler
309,schedule crawler,schedule crawler
310,schedule crawler,schedule crawler
311,schedule crawler,schedule crawler
312,schedule crawler,schedule crawler
313,schedule crawler,schedule crawler
314,schedule crawler,schedule crawler
315,schedule crawler,schedule crawler
316,schedule crawler,schedule crawler
317,schedule crawler,schedule crawler
318,schedule crawler,schedule crawler
319,schedule crawler,schedule crawler
320,schedule crawler,schedule crawler
321,schedule crawler,schedule crawler
322,schedule crawler,schedule crawler
323,schedule crawler,schedule crawler
324,schedule crawler,schedule crawler
325,schedule crawler,schedule crawler
326,schedule crawler,schedule crawler
327,schedule crawler,schedule crawler
328,schedule crawler,schedule crawler
329,schedule crawler,schedule crawler
330,schedule crawler,schedule crawler
331,schedule crawler,schedule crawler
332,schedule crawler,schedule crawler
333,schedule crawler,schedule crawler
334,schedule crawler,schedule crawler
335,schedule crawler,schedule crawler
336,schedule crawler,schedule crawler
337,schedule crawler,schedule crawler
338,schedule crawler,schedule crawler
339,schedule crawler,schedule crawler
340,schedule crawler,schedule crawler
341,schedule crawler,schedule crawler
342,schedule crawler,schedule crawler
343,schedule crawler,schedule crawler
344,schedule crawler,schedule crawler
345,schedule crawler,schedule crawler
346,schedule crawler,schedule crawler
347,schedule crawler,schedule crawler
348,schedule crawler,schedule crawler
349,schedule crawler,schedule crawler
350,schedule crawler,schedule crawler
351,schedule crawler,schedule crawler
352,schedule crawler,schedule crawler
353,schedule crawler,schedule crawler
354,schedule crawler,schedule crawler
355,schedule crawler,schedule crawler
356,schedule crawler,schedule crawler
357,schedule crawler,schedule crawler
358,schedule crawler,schedule crawler
359,schedule crawler,schedule crawler
360,schedule crawler,schedule crawler
361,schedule crawler,schedule crawler
362,schedule crawler,schedule crawler
363,schedule crawler,schedule crawler
364,schedule crawler,schedule crawler
365,schedule crawler,schedule crawler
366,schedule crawler,schedule crawler
367,schedule crawler,schedule crawler
368,schedule crawler,schedule crawler
369,schedule crawler,schedule crawler
370,schedule crawler,schedule crawler
371,schedule crawler,schedule crawler
372,schedule crawler,schedule crawler
373,schedule crawler,schedule crawler
374,schedule crawler,schedule crawler
375,schedule crawler,schedule crawler
376,schedule crawler,schedule crawler
377,schedule crawler,schedule crawler
378,schedule crawler,schedule crawler
379,schedule crawler,schedule crawler
380,schedule crawler,schedule crawler
381,schedule crawler,schedule crawler
382,schedule crawler,schedule crawler
383,schedule crawler,schedule crawler
384,schedule crawler,schedule crawler
385,schedule crawler,schedule crawler
386,schedule crawler,schedule crawler
387,schedule crawler,schedule crawler
388,schedule crawler,schedule crawler
389,schedule crawler,schedule crawler
390,schedule crawler,schedule crawler
391,schedule crawler,schedule crawler
392,schedule crawler,schedule crawler
393,schedule crawler,schedule crawler
394,schedule crawler,schedule crawler
395,schedule crawler,schedule crawler
396,schedule crawler,schedule crawler
397,schedule crawler,schedule crawler
398,schedule crawler,schedule crawler
399,schedule crawler,schedule crawler
400,schedule crawler,schedule crawler
401,schedule crawler,schedule crawler
402,schedule crawler,schedule crawler
403,schedule crawler,schedule crawler
404,schedule crawler,schedule crawler
405,schedule crawler,schedule crawler
406,schedule crawler,schedule crawler
407,schedule crawler,schedule crawler
408,schedule crawler,schedule crawler
409,schedule crawler,schedule crawler
410,schedule crawler,schedule crawler
411,schedule crawler,schedule crawler
412,schedule crawler,schedule crawler
413,schedule crawler,schedule crawler
414,schedule crawler,schedule crawler
415,schedule crawler,schedule crawler
416,schedule crawler,schedule crawler
417,schedule crawler,schedule crawler
418,schedule crawler,schedule crawler
419,schedule crawler,schedule crawler
420,schedule crawler,schedule crawler
421,schedule crawler,schedule crawler
422,schedule crawler,schedule crawler
423,schedule crawler,schedule crawler
424,schedule crawler,schedule crawler
425,schedule crawler,schedule crawler
426,schedule crawler,schedule crawler
427,schedule crawler,schedule crawler
428,schedule crawler,schedule crawler
429,schedule crawler,schedule crawler
430,schedule crawler,schedule crawler
431,schedule crawler,schedule crawler
432,schedule crawler,schedule crawler
433,schedule crawler,schedule crawler
434,schedule crawler,schedule crawler
435,schedule crawler,schedule crawler
436,schedule crawler,schedule crawler
437,schedule crawler,schedule crawler
438,schedule crawler,schedule crawler
439,schedule crawler,schedule crawler
440,schedule crawler,schedule crawler
441,schedule crawler,schedule crawler
442,schedule crawler,schedule crawler
443,schedule crawler,schedule crawler
444,schedule crawler,schedule crawler
445,schedule crawler,schedule crawler
446,schedule crawler,schedule crawler
447,schedule crawler,schedule crawler
448,schedule crawler,schedule crawler
449,schedule crawler,schedule crawler
450,schedule crawler,schedule crawler
451,schedule crawler,schedule crawler
452,schedule crawler,schedule crawler
453,schedule crawler,schedule crawler
454,schedule crawler,schedule crawler
455,schedule crawler,schedule crawler
456,schedule crawler,schedule crawler
457,schedule crawler,schedule crawler
458,schedule crawler,schedule crawler
459,schedule crawler,schedule crawler
460,schedule crawler,schedule crawler
461,schedule crawler,schedule crawler
462,schedule crawler,schedule crawler
463,schedule crawler,schedule crawler
464,schedule crawler,schedule crawler
465,schedule crawler,schedule crawler
466,schedule crawler,schedule crawler
467,schedule crawler,schedule crawler
468,schedule crawler,schedule crawler
469,schedule crawler,schedule crawler
470,schedule crawler,schedule crawler
471,schedule crawler,schedule crawler
472,schedule crawler,schedule crawler
473,schedule crawler,schedule crawler
474,schedule crawler,schedule crawler
475,schedule crawler,schedule crawler
476,schedule crawler,schedule crawler
477,schedule crawler,schedule crawler
478,schedule crawler,schedule crawler
479,schedule crawler,schedule crawler
480,schedule crawler,schedule crawler
481,schedule crawler,schedule crawler
482,schedule crawler,schedule crawler
483,schedule crawler,schedule crawler
